"position"	"count"
1	6
2	10
3	10
4	10
5	10
6	15
7	32
8	35
9	35
10	35
11	42
12	42
13	43
14	43
15	43
16	44
17	84
18	84
19	147
20	147
21	154
22	154
23	154
24	154
25	155
26	261
27	269
28	273
29	276
30	287
31	295
32	310
33	315
34	317
35	318
36	332
37	388
38	393
39	398
40	398
41	400
42	403
43	412
44	418
45	422
46	422
47	489
48	491
49	492
50	501
51	508
52	509
53	521
54	522
55	549
56	549
57	546
58	550
59	559
60	565
61	574
62	575
63	577
64	575
65	579
66	615
67	637
68	642
69	641
70	647
71	655
72	660
73	708
74	708
75	713
76	713
77	713
78	732
79	732
80	734
81	736
82	735
83	735
84	736
85	737
86	760
87	767
88	780
89	803
90	804
91	815
92	815
93	815
94	834
95	833
96	867
97	868
98	861
99	861
100	883
101	879
102	888
103	890
104	892
105	916
106	922
107	924
108	929
109	924
110	926
111	930
112	934
113	935
114	924
115	926
116	924
117	932
118	932
119	927
120	927
121	922
122	922
123	925
124	931
125	931
126	925
127	931
128	932
129	932
130	932
131	927
132	928
133	916
134	921
135	919
136	919
137	921
138	921
139	921
140	921
141	921
142	925
143	919
144	901
145	888
146	884
147	884
148	883
149	883
150	882
151	860
152	854
153	854
154	854
155	848
156	846
157	842
158	842
159	842
160	839
161	837
162	836
163	832
164	127
165	123
166	123
167	123
168	120
169	120
170	531
171	531
172	528
173	511
174	510
175	502
176	499
177	498
178	498
179	501
180	501
181	507
182	505
183	507
184	515
185	525
186	529
187	538
188	538
189	541
190	538
191	550
192	550
193	560
194	568
195	569
196	568
197	572
198	577
199	583
200	583
201	587
202	592
203	594
204	595
205	595
206	595
207	596
208	596
209	623
210	628
211	640
212	641
213	641
214	645
215	645
216	647
217	647
218	648
219	648
220	642
221	661
222	664
223	662
224	660
225	661
226	663
227	663
228	663
229	663
230	663
231	663
232	663
233	662
234	658
235	652
236	651
237	651
238	665
239	660
240	661
241	661
242	661
243	659
244	653
245	636
246	638
247	638
248	635
249	633
250	617
251	614
252	597
253	595
254	587
255	587
256	585
257	585
258	581
259	581
260	579
261	565
262	562
263	561
264	559
265	560
266	558
267	558
268	548
269	546
270	542
271	544
272	542
273	513
274	513
275	501
276	499
277	500
278	498
279	496
280	491
281	489
282	489
283	481
284	473
285	467
286	468
287	466
288	424
289	408
290	401
291	388
292	385
293	375
294	355
295	359
296	359
297	356
298	356
299	355
300	351
301	352
302	350
303	336
304	334
305	334
306	333
307	332
308	330
309	322
310	322
311	318
312	315
313	313
314	310
315	306
316	301
317	298
318	293
319	293
320	293
321	289
322	288
323	281
324	269
325	257
326	251
327	236
328	236
329	142
330	137
331	137
332	137
333	137
334	137
335	136
336	136
337	136
338	136
339	137
340	136
341	129
342	129
343	128
344	132
345	133
346	133
347	131
348	108
349	108
350	108
351	107
352	107
353	105
354	105
355	105
356	105
357	104
358	104
359	104
360	103
361	102
362	102
363	100
364	100
365	100
366	100
367	100
368	101
369	97
370	97
371	97
372	97
373	96
374	95
375	96
376	96
377	95
378	93
379	87
380	86
381	86
382	86
383	84
384	83
385	83
386	83
387	83
388	81
389	81
390	81
391	81
392	81
393	81
394	81
395	81
396	82
397	82
398	82
399	81
400	81
401	81
402	81
403	81
404	82
405	82
406	82
407	82
408	82
409	82
410	82
411	81
412	81
413	81
414	81
415	78
416	78
417	78
418	79
419	79
420	75
421	73
422	73
423	72
424	73
425	74
426	74
427	74
428	74
429	70
430	70
431	70
432	70
433	67
434	62
435	62
436	62
437	62
438	62
439	61
440	59
441	61
442	61
443	61
444	61
445	61
446	61
447	61
448	57
449	57
450	57
451	57
452	57
453	55
454	55
455	55
456	55
457	55
458	54
459	73
460	99
461	107
462	138
463	142
464	349
465	369
466	366
467	367
468	408
469	608
470	612
471	626
472	628
473	631
474	798
475	882
476	886
477	891
478	895
479	950
480	955
481	1011
482	1035
483	1038
484	1057
485	1076
486	1081
487	1092
488	1092
489	1117
490	1152
491	1200
492	1237
493	1237
494	1258
495	1259
496	1378
497	1462
498	1475
499	1507
500	1576
501	1613
502	1706
503	1712
504	1759
505	1796
506	1827
507	1832
508	1841
509	1899
510	1945
511	1970
512	1989
513	1990
514	2069
515	2069
516	2271
517	2292
518	2293
519	2297
520	2298
521	2333
522	2340
523	2379
524	2379
525	2385
526	2502
527	2512
528	2547
529	2548
530	2548
531	2565
532	2613
533	2625
534	2655
535	2659
536	2724
537	2788
538	2803
539	2822
540	2835
541	2838
542	2859
543	2867
544	2935
545	2963
546	3181
547	3277
548	3343
549	3358
550	3456
551	3692
552	3731
553	3752
554	3778
555	3798
556	3985
557	3987
558	4031
559	4035
560	4087
561	4124
562	4135
563	4204
564	4213
565	4303
566	4313
567	4417
568	4453
569	4468
570	4547
571	4575
572	4593
573	4682
574	4688
575	4702
576	4734
577	4745
578	4787
579	4818
580	4846
581	4948
582	4968
583	5223
584	5262
585	5316
586	5373
587	5395
588	5529
589	5536
590	5557
591	5572
592	5616
593	5656
594	5673
595	5689
596	5812
597	5912
598	5945
599	5946
600	5953
601	5954
602	6200
603	6240
604	6471
605	6502
606	6637
607	6658
608	6707
609	6984
610	7035
611	7061
612	7062
613	7143
614	7152
615	7163
616	7513
617	7544
618	7615
619	7629
620	7688
621	7707
622	7675
623	7722
624	7735
625	7912
626	7970
627	8000
628	8001
629	7999
630	8000
631	8001
632	8001
633	8002
634	8002
635	8003
636	8000
637	8002
638	8000
639	7985
640	7999
641	7998
642	7998
643	7992
644	7998
645	8000
646	8000
647	7999
648	7970
649	7995
650	7981
651	7996
652	7990
653	7984
654	7977
655	7985
656	8000
657	7991
658	7996
659	7876
660	7880
661	7858
662	7848
663	7872
664	7975
665	7998
666	7992
667	7959
668	7969
669	7975
670	7994
671	7996
672	7988
673	7938
674	7887
675	7976
676	7992
677	7997
678	7995
679	7963
680	7974
681	7983
682	7996
683	7995
684	7982
685	7997
686	7972
687	7978
688	7977
689	7993
690	7999
691	7981
692	7977
693	7962
694	7990
695	7992
696	7990
697	7992
698	7958
699	7998
700	7995
701	7999
702	7992
703	7971
704	7979
705	7999
706	8000
707	7996
708	7991
709	7987
710	7957
711	7939
712	7881
713	7902
714	7825
715	7866
716	7972
717	7965
718	7975
719	7978
720	7860
721	7933
722	7943
723	7954
724	7976
725	7802
726	7801
727	7807
728	7778
729	7782
730	7751
731	7760
732	7785
733	7807
734	7820
735	7829
736	7863
737	7921
738	7970
739	7986
740	7975
741	7915
742	7889
743	7993
744	8000
745	7966
746	7981
747	7865
748	7838
749	7881
750	7853
751	7908
752	7907
753	7926
754	7919
755	5499
756	7863
757	7988
758	7963
759	7988
760	7966
761	7917
762	7885
763	7861
764	7863
765	7848
766	7709
767	7705
768	7692
769	7750
770	7902
771	7919
772	7930
773	7909
774	7986
775	7983
776	7928
777	7952
778	7933
779	7987
780	7988
781	7983
782	7984
783	7882
784	7875
785	7891
786	7912
787	7937
788	7902
789	7978
790	7983
791	7925
792	7958
793	7947
794	7986
795	7891
796	7861
797	7712
798	7700
799	7647
800	7612
801	7634
802	7618
803	7751
804	7752
805	7790
806	7718
807	7719
808	7918
809	7977
810	7989
811	7979
812	7858
813	7880
814	7828
815	7820
816	7751
817	7626
818	7575
819	7539
820	7590
821	7565
822	7508
823	7747
824	7800
825	7859
826	7864
827	7814
828	7756
829	7755
830	7732
831	7709
832	7396
833	7421
834	7429
835	7647
836	7668
837	7650
838	7659
839	7659
840	7652
841	7653
842	7637
843	7619
844	7605
845	7607
846	7596
847	7508
848	7517
849	7631
850	7705
851	7689
852	7689
853	7609
854	7655
855	7549
856	7467
857	7450
858	7409
859	7522
860	7560
861	7562
862	7493
863	7442
864	7382
865	7381
866	7360
867	7495
868	7460
869	7476
870	7471
871	7480
872	7472
873	7691
874	7717
875	7850
876	7775
877	7686
878	7814
879	7861
880	7903
881	7906
882	7918
883	7957
884	7980
885	7971
886	7992
887	7942
888	7952
889	7970
890	7996
891	7967
892	7995
893	7957
894	7935
895	7903
896	7917
897	7999
898	7991
899	7960
900	7959
901	7944
902	7961
903	7977
904	7975
905	7995
906	7961
907	7999
908	7998
909	7995
910	7959
911	7966
912	7964
913	7957
914	7974
915	7966
916	7893
917	7878
918	7976
919	7965
920	7978
921	7991
922	7998
923	7987
924	7982
925	7996
926	7962
927	7953
928	7986
929	7997
930	7988
931	7986
932	7897
933	7803
934	7867
935	8000
936	7978
937	7969
938	7876
939	7980
940	7991
941	7997
942	7996
943	7987
944	7939
945	7959
946	7917
947	7973
948	7953
949	7969
950	7961
951	7928
952	7928
953	7988
954	7995
955	7993
956	7958
957	7982
958	7938
959	7995
960	7970
961	7987
962	7996
963	7975
964	7978
965	7870
966	7885
967	7896
968	7953
969	7947
970	7923
971	7850
972	7866
973	7936
974	7995
975	7966
976	7945
977	7924
978	7982
979	7986
980	7991
981	7973
982	7960
983	7906
984	7987
985	7971
986	7874
987	7736
988	7745
989	7974
990	7953
991	7943
992	7913
993	7905
994	7868
995	7859
996	7894
997	7869
998	7871
999	7571
1000	7588
1001	7764
1002	7734
1003	7711
1004	7666
1005	7649
1006	7737
1007	7744
1008	7729
1009	7760
1010	7755
1011	7994
1012	7996
1013	7979
1014	7975
1015	7895
1016	7927
1017	7979
1018	7978
1019	7952
1020	7784
1021	7855
1022	7850
1023	7996
1024	7998
1025	7940
1026	7991
1027	7886
1028	7998
1029	7991
1030	7901
1031	7941
1032	7814
1033	7982
1034	7945
1035	7938
1036	7988
1037	7896
1038	7843
1039	7942
1040	7924
1041	7992
1042	7943
1043	7897
1044	7963
1045	7885
1046	7989
1047	7998
1048	7875
1049	7998
1050	7815
1051	7867
1052	7838
1053	7778
1054	7859
1055	7839
1056	7986
1057	7985
1058	7863
1059	7807
1060	7781
1061	7898
1062	7960
1063	7950
1064	7963
1065	7902
1066	7980
1067	7943
1068	7973
1069	7985
1070	7937
1071	7961
1072	7995
1073	7971
1074	7878
1075	7810
1076	7715
1077	7781
1078	7734
1079	7692
1080	7729
1081	7742
1082	7747
1083	7754
1084	7770
1085	7770
1086	7760
1087	7931
1088	7964
1089	7961
1090	7995
1091	7998
1092	7990
1093	7996
1094	7972
1095	7976
1096	7916
1097	7952
1098	7995
1099	7963
1100	7948
1101	7775
1102	7871
1103	7903
1104	7935
1105	7925
1106	7918
1107	7813
1108	7895
1109	7988
1110	7926
1111	7960
1112	7961
1113	7996
1114	7991
1115	7992
1116	7992
1117	7968
1118	7882
1119	7929
1120	7952
1121	7991
1122	7920
1123	7919
1124	7841
1125	7953
1126	7923
1127	7991
1128	7983
1129	7910
1130	7881
1131	7864
1132	7908
1133	7868
1134	7860
1135	7873
1136	7844
1137	7897
1138	7990
1139	7987
1140	7988
1141	7983
1142	7974
1143	7966
1144	7991
1145	7995
1146	7980
1147	7983
1148	7932
1149	7928
1150	7941
1151	7985
1152	7971
1153	7951
1154	7971
1155	7974
1156	7976
1157	7992
1158	7966
1159	7754
1160	7805
1161	7854
1162	7882
1163	7997
1164	7983
1165	7837
1166	7760
1167	7765
1168	7993
1169	7985
1170	7995
1171	7995
1172	7877
1173	7876
1174	7888
1175	7988
1176	7987
1177	7986
1178	7965
1179	7961
1180	7991
1181	7983
1182	7997
1183	7982
1184	7970
1185	7899
1186	7906
1187	7982
1188	7974
1189	8000
1190	7941
1191	7906
1192	7993
1193	7945
1194	7949
1195	7979
1196	7894
1197	7994
1198	7932
1199	7991
1200	7954
1201	7843
1202	7978
1203	7989
1204	7996
1205	7982
1206	7928
1207	7900
1208	7901
1209	7901
1210	7939
1211	7944
1212	7987
1213	7992
1214	7997
1215	7978
1216	7994
1217	7950
1218	7981
1219	7941
1220	7920
1221	7918
1222	7858
1223	7760
1224	7903
1225	7943
1226	7979
1227	7952
1228	7965
1229	7922
1230	7958
1231	7983
1232	7971
1233	7944
1234	7948
1235	7853
1236	7854
1237	7799
1238	7809
1239	7853
1240	7784
1241	7884
1242	7865
1243	7891
1244	7924
1245	7941
1246	7955
1247	7949
1248	7973
1249	7971
1250	7892
1251	7916
1252	7879
1253	7947
1254	7997
1255	7984
1256	7980
1257	7950
1258	7964
1259	7995
1260	7980
1261	7963
1262	7831
1263	7784
1264	7923
1265	7999
1266	7994
1267	7985
1268	7904
1269	7893
1270	7896
1271	7778
1272	7713
1273	7685
1274	7588
1275	7708
1276	7844
1277	7757
1278	7764
1279	7806
1280	7817
1281	7782
1282	7768
1283	7996
1284	7867
1285	7809
1286	7752
1287	7743
1288	7991
1289	7995
1290	7917
1291	7955
1292	7839
1293	7845
1294	7934
1295	7920
1296	7941
1297	7911
1298	7872
1299	7863
1300	7851
1301	7875
1302	7974
1303	7962
1304	7991
1305	7943
1306	7918
1307	7836
1308	7837
1309	7899
1310	7985
1311	7940
1312	7931
1313	7971
1314	7986
1315	7991
1316	7923
1317	7912
1318	7967
1319	7947
1320	7934
1321	7937
1322	7949
1323	7935
1324	7939
1325	7953
1326	7956
1327	7952
1328	7965
1329	7948
1330	7982
1331	7950
1332	7958
1333	7971
1334	7964
1335	7982
1336	7986
1337	7969
1338	7912
1339	7901
1340	7988
1341	7981
1342	7977
1343	7994
1344	7986
1345	7930
1346	7984
1347	7888
1348	7988
1349	7942
1350	7994
1351	7952
1352	7978
1353	7987
1354	7976
1355	7960
1356	7963
1357	7865
1358	7962
1359	7821
1360	7988
1361	7969
1362	7928
1363	7953
1364	7939
1365	7952
1366	7996
1367	7973
1368	7979
1369	7947
1370	7912
1371	7947
1372	7956
1373	7991
1374	7992
1375	7995
1376	7886
1377	7853
1378	7946
1379	7960
1380	7931
1381	7991
1382	7974
1383	7978
1384	7987
1385	7861
1386	7973
1387	7913
1388	7961
1389	7990
1390	7976
1391	7988
1392	7991
1393	7983
1394	7999
1395	7964
1396	7997
1397	7922
1398	7979
1399	7997
1400	7988
1401	7958
1402	7976
1403	7955
1404	7974
1405	7978
1406	7989
1407	7945
1408	7949
1409	7927
1410	7933
1411	7946
1412	7931
1413	7908
1414	7769
1415	7963
1416	7943
1417	7995
1418	7995
1419	7994
1420	7999
1421	7976
1422	7997
1423	7984
1424	7954
1425	7993
1426	7915
1427	7934
1428	7997
1429	7946
1430	7997
1431	7938
1432	7951
1433	7933
1434	7929
1435	7951
1436	7991
1437	7980
1438	7889
1439	7879
1440	7863
1441	7997
1442	7989
1443	7941
1444	7980
1445	7959
1446	7994
1447	7993
1448	7923
1449	7903
1450	7872
1451	7897
1452	7966
1453	7910
1454	7960
1455	7967
1456	7986
1457	7988
1458	7986
1459	7943
1460	7931
1461	7822
1462	7800
1463	7703
1464	7690
1465	7828
1466	7854
1467	7883
1468	7848
1469	7844
1470	7912
1471	7995
1472	7994
1473	7990
1474	7918
1475	7848
1476	7835
1477	7839
1478	7918
1479	7938
1480	7971
1481	7928
1482	7927
1483	7925
1484	7949
1485	7975
1486	7967
1487	7930
1488	7914
1489	7861
1490	7896
1491	7912
1492	7879
1493	7930
1494	7922
1495	7879
1496	7927
1497	7957
1498	7995
1499	7937
1500	7914
1501	7987
1502	7943
1503	7981
1504	7957
1505	7955
1506	7970
1507	7966
1508	7937
1509	7893
1510	7868
1511	7881
1512	7825
1513	7817
1514	7788
1515	7655
1516	7684
1517	7671
1518	7676
1519	7652
1520	7626
1521	7671
1522	7731
1523	7749
1524	7759
1525	7731
1526	7796
1527	7763
1528	7800
1529	7806
1530	7744
1531	7763
1532	7766
1533	7803
1534	7695
1535	7683
1536	7753
1537	7977
1538	7992
1539	7889
1540	7970
1541	7939
1542	7972
1543	7993
1544	7965
1545	7944
1546	7916
1547	7920
1548	7838
1549	7796
1550	7678
1551	7776
1552	7747
1553	7731
1554	7778
1555	7894
1556	7919
1557	7933
1558	7937
1559	7940
1560	7851
1561	7871
1562	7987
1563	7950
1564	7932
1565	7968
1566	7958
1567	7993
1568	7923
1569	7934
1570	7982
1571	7985
1572	7952
1573	7918
1574	7981
1575	7994
1576	7938
1577	7953
1578	7969
1579	7937
1580	7946
1581	7912
1582	7947
1583	7967
1584	7971
1585	8000
1586	7984
1587	7962
1588	7983
1589	7977
1590	7926
1591	7910
1592	7857
1593	7906
1594	7985
1595	7990
1596	7994
1597	7900
1598	7853
1599	7904
1600	7909
1601	7964
1602	7979
1603	7918
1604	7946
1605	7992
1606	7981
1607	7993
1608	7941
1609	7946
1610	7950
1611	7919
1612	7995
1613	7959
1614	7972
1615	7963
1616	7938
1617	7981
1618	7944
1619	7936
1620	7944
1621	7873
1622	7931
1623	7919
1624	7944
1625	7921
1626	7895
1627	7833
1628	7794
1629	7991
1630	7943
1631	7979
1632	7917
1633	7902
1634	7890
1635	7854
1636	7788
1637	7779
1638	7843
1639	7945
1640	7943
1641	7978
1642	7932
1643	7996
1644	7994
1645	7989
1646	7999
1647	7967
1648	7974
1649	7912
1650	7877
1651	7927
1652	7983
1653	7969
1654	7957
1655	7974
1656	7965
1657	7984
1658	7985
1659	7980
1660	7982
1661	7901
1662	7968
1663	7990
1664	7861
1665	7932
1666	7939
1667	7963
1668	7950
1669	7967
1670	7999
1671	7973
1672	7992
1673	7930
1674	7946
1675	7972
1676	7995
1677	7990
1678	7995
1679	7912
1680	7849
1681	7909
1682	7981
1683	7981
1684	7911
1685	7810
1686	7972
1687	7981
1688	7995
1689	7958
1690	7956
1691	7999
1692	7912
1693	7909
1694	7989
1695	7891
1696	7984
1697	7971
1698	7954
1699	7976
1700	7938
1701	7950
1702	7931
1703	7895
1704	7872
1705	7831
1706	7855
1707	7901
1708	7944
1709	7994
1710	7992
1711	7981
1712	7984
1713	7996
1714	7991
1715	7940
1716	7921
1717	7975
1718	7988
1719	7997
1720	7960
1721	7905
1722	7799
1723	7870
1724	7869
1725	7912
1726	7932
1727	7872
1728	7832
1729	7827
1730	7818
1731	7823
1732	7858
1733	7836
1734	7858
1735	7822
1736	7831
1737	7834
1738	7849
1739	7895
1740	7915
1741	7968
1742	7974
1743	7970
1744	7959
1745	7983
1746	7995
1747	7967
1748	7946
1749	7939
1750	7917
1751	7988
1752	7950
1753	7952
1754	7921
1755	7945
1756	7963
1757	7954
1758	7929
1759	7946
1760	7943
1761	7954
1762	7950
1763	7999
1764	7977
1765	7953
1766	7945
1767	7946
1768	7988
1769	7999
1770	7996
1771	7977
1772	7914
1773	7807
1774	7896
1775	7990
1776	7933
1777	7872
1778	7987
1779	7922
1780	7925
1781	7928
1782	7924
1783	7930
1784	7977
1785	7825
1786	7973
1787	7696
1788	7675
1789	7686
1790	7684
1791	7635
1792	7617
1793	7580
1794	7534
1795	7637
1796	7715
1797	7728
1798	7738
1799	7736
1800	7770
1801	7784
1802	7913
1803	7962
1804	7941
1805	7875
1806	7884
1807	7971
1808	7692
1809	7718
1810	7852
1811	7896
1812	7949
1813	7982
1814	7944
1815	7922
1816	7979
1817	7958
1818	7984
1819	7992
1820	7970
1821	7950
1822	7973
1823	7968
1824	7998
1825	7938
1826	7966
1827	7988
1828	7975
1829	7966
1830	7971
1831	7936
1832	7987
1833	7907
1834	7962
1835	7965
1836	7975
1837	7996
1838	7992
1839	7975
1840	7960
1841	7922
1842	7965
1843	7950
1844	7974
1845	7908
1846	7980
1847	7933
1848	7945
1849	7982
1850	7927
1851	7978
1852	7959
1853	7926
1854	7919
1855	7948
1856	7847
1857	7803
1858	7824
1859	7915
1860	7893
1861	7882
1862	7947
1863	7953
1864	7977
1865	7974
1866	7979
1867	7975
1868	7940
1869	7929
1870	7913
1871	7986
1872	7979
1873	7920
1874	7910
1875	7769
1876	7751
1877	7739
1878	7782
1879	7911
1880	7933
1881	7874
1882	7926
1883	7942
1884	7915
1885	7993
1886	7986
1887	7955
1888	7958
1889	7822
1890	7860
1891	7820
1892	7841
1893	7868
1894	7845
1895	7865
1896	7869
1897	7961
1898	7993
1899	7966
1900	7991
1901	7958
1902	7982
1903	7952
1904	7969
1905	7968
1906	7946
1907	7940
1908	7932
1909	7946
1910	7960
1911	7951
1912	7983
1913	7940
1914	7950
1915	7994
1916	7918
1917	7903
1918	7983
1919	7978
1920	7979
1921	7923
1922	7943
1923	7975
1924	7943
1925	7924
1926	7915
1927	7906
1928	7909
1929	7873
1930	7979
1931	7985
1932	7921
1933	7878
1934	7918
1935	7922
1936	7963
1937	7912
1938	7985
1939	7924
1940	7906
1941	7955
1942	7963
1943	7989
1944	7966
1945	7950
1946	7968
1947	7951
1948	7965
1949	7974
1950	7976
1951	7996
1952	7978
1953	7968
1954	7953
1955	7970
1956	7940
1957	7998
1958	7886
1959	7807
1960	7812
1961	7805
1962	7951
1963	7948
1964	7973
1965	7978
1966	7960
1967	7983
1968	7931
1969	7950
1970	7953
1971	7955
1972	7839
1973	7858
1974	7811
1975	7837
1976	7881
1977	7914
1978	7956
1979	7993
1980	7994
1981	7995
1982	7976
1983	7939
1984	7955
1985	7961
1986	7994
1987	7966
1988	7953
1989	7978
1990	7898
1991	7944
1992	7918
1993	7971
1994	7969
1995	7946
1996	7962
1997	7968
1998	7996
1999	7979
2000	7978
2001	7986
2002	7814
2003	7834
2004	7928
2005	7912
2006	7931
2007	7948
2008	7996
2009	7988
2010	7979
2011	7994
2012	7955
2013	7972
2014	8000
2015	7990
2016	7980
2017	7907
2018	7934
2019	7886
2020	7883
2021	7874
2022	7942
2023	7975
2024	7970
2025	7795
2026	7769
2027	7907
2028	7994
2029	7994
2030	7998
2031	7986
2032	7978
2033	7969
2034	7967
2035	7949
2036	7968
2037	7857
2038	7860
2039	7880
2040	7888
2041	7901
2042	7920
2043	7985
2044	7992
2045	7941
2046	7884
2047	7852
2048	7928
2049	7968
2050	7974
2051	7958
2052	7878
2053	7812
2054	7909
2055	7906
2056	7936
2057	7946
2058	7885
2059	7883
2060	7983
2061	7912
2062	7993
2063	7914
2064	7978
2065	7949
2066	7995
2067	7956
2068	7977
2069	7967
2070	7884
2071	7922
2072	7888
2073	7910
2074	7893
2075	7828
2076	7810
2077	7776
2078	7733
2079	7855
2080	7985
2081	7955
2082	7961
2083	7962
2084	7996
2085	7945
2086	7977
2087	7975
2088	7929
2089	7994
2090	7978
2091	7945
2092	7945
2093	7913
2094	7897
2095	7908
2096	7923
2097	7856
2098	7913
2099	7890
2100	7920
2101	7810
2102	7840
2103	7899
2104	7895
2105	7883
2106	7867
2107	7946
2108	7919
2109	7888
2110	7934
2111	7922
2112	7907
2113	7912
2114	7900
2115	7862
2116	7906
2117	7920
2118	7881
2119	7898
2120	7943
2121	7948
2122	7882
2123	7826
2124	7829
2125	7901
2126	7980
2127	7997
2128	7990
2129	7906
2130	7906
2131	7849
2132	7856
2133	7824
2134	7864
2135	7846
2136	7857
2137	7853
2138	7781
2139	7922
2140	7909
2141	7911
2142	7910
2143	7817
2144	7988
2145	7995
2146	7980
2147	7942
2148	7918
2149	7968
2150	7992
2151	7982
2152	7968
2153	7953
2154	7960
2155	7940
2156	7965
2157	7942
2158	7978
2159	7958
2160	7972
2161	7975
2162	7936
2163	7992
2164	7978
2165	7958
2166	7922
2167	7981
2168	7947
2169	7870
2170	7864
2171	7818
2172	7919
2173	7751
2174	7774
2175	7847
2176	7817
2177	7819
2178	7788
2179	7777
2180	7908
2181	7832
2182	7786
2183	7743
2184	7719
2185	7971
2186	7969
2187	7986
2188	7971
2189	7843
2190	7922
2191	7999
2192	7959
2193	7999
2194	7879
2195	7922
2196	7895
2197	7918
2198	7943
2199	7940
2200	7978
2201	7968
2202	7930
2203	7976
2204	7961
2205	7952
2206	7948
2207	7965
2208	7984
2209	7997
2210	7937
2211	7959
2212	7964
2213	7895
2214	7903
2215	7923
2216	7914
2217	7950
2218	7969
2219	7970
2220	7983
2221	7989
2222	7709
2223	7732
2224	7799
2225	7803
2226	7874
2227	7981
2228	7982
2229	7979
2230	7951
2231	7995
2232	7996
2233	7993
2234	7984
2235	7979
2236	7947
2237	7951
2238	7997
2239	7983
2240	7983
2241	7935
2242	7798
2243	7909
2244	7925
2245	7949
2246	7973
2247	7923
2248	7989
2249	7950
2250	7899
2251	7967
2252	7916
2253	7938
2254	7931
2255	7945
2256	7969
2257	7945
2258	7990
2259	7974
2260	7983
2261	7956
2262	7949
2263	7979
2264	7978
2265	7965
2266	7946
2267	7967
2268	7968
2269	7991
2270	7997
2271	7989
2272	7891
2273	7882
2274	7865
2275	7871
2276	7916
2277	7935
2278	7841
2279	7868
2280	7890
2281	7910
2282	7993
2283	7990
2284	7994
2285	7989
2286	7961
2287	7970
2288	7970
2289	7988
2290	7986
2291	7958
2292	7993
2293	7946
2294	7782
2295	7776
2296	7808
2297	7701
2298	7697
2299	7703
2300	7639
2301	7634
2302	7722
2303	7831
2304	7933
2305	7986
2306	7988
2307	7952
2308	7957
2309	7987
2310	7974
2311	7952
2312	7957
2313	7965
2314	7965
2315	7859
2316	7995
2317	7942
2318	7943
2319	7982
2320	7988
2321	7998
2322	7991
2323	7989
2324	7974
2325	7926
2326	7967
2327	7992
2328	7793
2329	7859
2330	7767
2331	7918
2332	7994
2333	7916
2334	7996
2335	7921
2336	7979
2337	7998
2338	7981
2339	7995
2340	7931
2341	7961
2342	7963
2343	7949
2344	7972
2345	7867
2346	7986
2347	7900
2348	7954
2349	7963
2350	7920
2351	7926
2352	7999
2353	7944
2354	7929
2355	7847
2356	7758
2357	7437
2358	7505
2359	7568
2360	7656
2361	7640
2362	7596
2363	7832
2364	7973
2365	7973
2366	7990
2367	7984
2368	7985
2369	7979
2370	7996
2371	7980
2372	7991
2373	7979
2374	7990
2375	7982
2376	7967
2377	7969
2378	7960
2379	7969
2380	7986
2381	7984
2382	7969
2383	7981
2384	7952
2385	7979
2386	7999
2387	7992
2388	7980
2389	7984
2390	7954
2391	7935
2392	7928
2393	7930
2394	7953
2395	7937
2396	7980
2397	7979
2398	7978
2399	7963
2400	7978
2401	7991
2402	7988
2403	7987
2404	7971
2405	7947
2406	7987
2407	7927
2408	7915
2409	7872
2410	7920
2411	7944
2412	7948
2413	7936
2414	7901
2415	7959
2416	7992
2417	7990
2418	7971
2419	7984
2420	7979
2421	7990
2422	7998
2423	7946
2424	7944
2425	7817
2426	7986
2427	7951
2428	7991
2429	7988
2430	7953
2431	7900
2432	7918
2433	7926
2434	7815
2435	7954
2436	7847
2437	7902
2438	7948
2439	7856
2440	7898
2441	7989
2442	7985
2443	7997
2444	7927
2445	7963
2446	7937
2447	7965
2448	7949
2449	7940
2450	7949
2451	7825
2452	7980
2453	7895
2454	7886
2455	7915
2456	7936
2457	7960
2458	7904
2459	7921
2460	7934
2461	7996
2462	7986
2463	7994
2464	7956
2465	7910
2466	7955
2467	7986
2468	7981
2469	7995
2470	7990
2471	7911
2472	7749
2473	7827
2474	7791
2475	7976
2476	7968
2477	7935
2478	7860
2479	7946
2480	7980
2481	7991
2482	7961
2483	7892
2484	7890
2485	7943
2486	7974
2487	7992
2488	7888
2489	7875
2490	7993
2491	7981
2492	7987
2493	7873
2494	7631
2495	7674
2496	7772
2497	7757
2498	7835
2499	7833
2500	7992
2501	7968
2502	7932
2503	7977
2504	7941
2505	7986
2506	7980
2507	7963
2508	7979
2509	7949
2510	7997
2511	7994
2512	7994
2513	7969
2514	7968
2515	7998
2516	7985
2517	7962
2518	7938
2519	7993
2520	7996
2521	7990
2522	7995
2523	7975
2524	7990
2525	7976
2526	7976
2527	7962
2528	7969
2529	7993
2530	7968
2531	7931
2532	7981
2533	7941
2534	7988
2535	7967
2536	7966
2537	7948
2538	7975
2539	7958
2540	7920
2541	7932
2542	7966
2543	7987
2544	7978
2545	7971
2546	7958
2547	7944
2548	7934
2549	7951
2550	7981
2551	7970
2552	7922
2553	7926
2554	7900
2555	7927
2556	7965
2557	7986
2558	7977
2559	7967
2560	7958
2561	7970
2562	7997
2563	7944
2564	7934
2565	7980
2566	7925
2567	7906
2568	7935
2569	7944
2570	7865
2571	7914
2572	7827
2573	7864
2574	7890
2575	7865
2576	7881
2577	7906
2578	7973
2579	7974
2580	7906
2581	7995
2582	7924
2583	7966
2584	7988
2585	7940
2586	7945
2587	7949
2588	7982
2589	7983
2590	7967
2591	7970
2592	7958
2593	7999
2594	7995
2595	7974
2596	7979
2597	7896
2598	7967
2599	7910
2600	7885
2601	7830
2602	7975
2603	7919
2604	7921
2605	7925
2606	7906
2607	7974
2608	7952
2609	7940
2610	7940
2611	7732
2612	7689
2613	7773
2614	7822
2615	7907
2616	7946
2617	7826
2618	7825
2619	7861
2620	7979
2621	7990
2622	7984
2623	7987
2624	7979
2625	7984
2626	7993
2627	7996
2628	7987
2629	7989
2630	7905
2631	7963
2632	7990
2633	7987
2634	7993
2635	7968
2636	7997
2637	7989
2638	7991
2639	7997
2640	7981
2641	7976
2642	7978
2643	7968
2644	7993
2645	7991
2646	7971
2647	7951
2648	7949
2649	7977
2650	7984
2651	7975
2652	7990
2653	7987
2654	7970
2655	7970
2656	7950
2657	7961
2658	7960
2659	7975
2660	7987
2661	7899
2662	7984
2663	7987
2664	7991
2665	7990
2666	7894
2667	7970
2668	7946
2669	7980
2670	7999
2671	7967
2672	7983
2673	7991
2674	7965
2675	7954
2676	7868
2677	7780
2678	7875
2679	7952
2680	7982
2681	7977
2682	7943
2683	7966
2684	7894
2685	7985
2686	7864
2687	7939
2688	7917
2689	7898
2690	7869
2691	7839
2692	7916
2693	7919
2694	7949
2695	7963
2696	7946
2697	7967
2698	7961
2699	7940
2700	7912
2701	7919
2702	7947
2703	7893
2704	7893
2705	7919
2706	7995
2707	7996
2708	7952
2709	7989
2710	7977
2711	7972
2712	7959
2713	7932
2714	7975
2715	7988
2716	7911
2717	7941
2718	7901
2719	7986
2720	7958
2721	7945
2722	7936
2723	7920
2724	7972
2725	7862
2726	7826
2727	7987
2728	7955
2729	7983
2730	7879
2731	7793
2732	7883
2733	7931
2734	7919
2735	7897
2736	7888
2737	7952
2738	7977
2739	7994
2740	7996
2741	7916
2742	7949
2743	7982
2744	7989
2745	7992
2746	7946
2747	7942
2748	7955
2749	7945
2750	7907
2751	7802
2752	7993
2753	7994
2754	7972
2755	7976
2756	7930
2757	7976
2758	7986
2759	7979
2760	7989
2761	7861
2762	7969
2763	7971
2764	7991
2765	7967
2766	7953
2767	7997
2768	7984
2769	7985
2770	7959
2771	7948
2772	7993
2773	7985
2774	7989
2775	7981
2776	7961
2777	7968
2778	7940
2779	7964
2780	7956
2781	7942
2782	7932
2783	7953
2784	7991
2785	7921
2786	7983
2787	7945
2788	7965
2789	7995
2790	7982
2791	7990
2792	7992
2793	7906
2794	7927
2795	7935
2796	7849
2797	7985
2798	7874
2799	7920
2800	7961
2801	7925
2802	7985
2803	7974
2804	7982
2805	7967
2806	7861
2807	7937
2808	7888
2809	7910
2810	7834
2811	7796
2812	7831
2813	7827
2814	7828
2815	7852
2816	7786
2817	7897
2818	7803
2819	7804
2820	7881
2821	7870
2822	7860
2823	7898
2824	7976
2825	7973
2826	7910
2827	7965
2828	7923
2829	7930
2830	7975
2831	7960
2832	7951
2833	7883
2834	7858
2835	7934
2836	7961
2837	7995
2838	7910
2839	7985
2840	7934
2841	7938
2842	7935
2843	7916
2844	7974
2845	7923
2846	7990
2847	7959
2848	7923
2849	7972
2850	7998
2851	7996
2852	7985
2853	7885
2854	7831
2855	7860
2856	7809
2857	7828
2858	7800
2859	7781
2860	7856
2861	7938
2862	7947
2863	7981
2864	7954
2865	7977
2866	7967
2867	7971
2868	7991
2869	7985
2870	7907
2871	7936
2872	7976
2873	7992
2874	7960
2875	7966
2876	7993
2877	7982
2878	7942
2879	7932
2880	7905
2881	7922
2882	7961
2883	7990
2884	7989
2885	7920
2886	7908
2887	7978
2888	7996
2889	7996
2890	7964
2891	7971
2892	7987
2893	7975
2894	7987
2895	7967
2896	7978
2897	7966
2898	7968
2899	7959
2900	7892
2901	7904
2902	7887
2903	7887
2904	7995
2905	7971
2906	7963
2907	7979
2908	7996
2909	7993
2910	7967
2911	7978
2912	7982
2913	7877
2914	7893
2915	7837
2916	7899
2917	7900
2918	7870
2919	7787
2920	7789
2921	7831
2922	7863
2923	7982
2924	7990
2925	7979
2926	7980
2927	7930
2928	7904
2929	7944
2930	7927
2931	7887
2932	7935
2933	7843
2934	7998
2935	7922
2936	7820
2937	7830
2938	7774
2939	7982
2940	7994
2941	7993
2942	7929
2943	7770
2944	7875
2945	7965
2946	7976
2947	7953
2948	7906
2949	7914
2950	7993
2951	7990
2952	7980
2953	7979
2954	7896
2955	7850
2956	7838
2957	7947
2958	7900
2959	7980
2960	7965
2961	7972
2962	7980
2963	7979
2964	7956
2965	7957
2966	7901
2967	7953
2968	7942
2969	7963
2970	7949
2971	7978
2972	7973
2973	7961
2974	7926
2975	7917
2976	7940
2977	7996
2978	7904
2979	7918
2980	7914
2981	7937
2982	7978
2983	7849
2984	7981
2985	7953
2986	7934
2987	7962
2988	7787
2989	7840
2990	7769
2991	7899
2992	7867
2993	7790
2994	7878
2995	7885
2996	7957
2997	7975
2998	7970
2999	7973
3000	7956
3001	7912
3002	7994
3003	7869
3004	7971
3005	7993
3006	7963
3007	7977
3008	7981
3009	7969
3010	7991
3011	7909
3012	7912
3013	7939
3014	7922
3015	7915
3016	7970
3017	7977
3018	7985
3019	7980
3020	7955
3021	7980
3022	7964
3023	7977
3024	7999
3025	7985
3026	7993
3027	7990
3028	7966
3029	7931
3030	7943
3031	7891
3032	7901
3033	7956
3034	7999
3035	7980
3036	7931
3037	7936
3038	7830
3039	7827
3040	7825
3041	7934
3042	7990
3043	7984
3044	7981
3045	7980
3046	7979
3047	7992
3048	7925
3049	7981
3050	7899
3051	7851
3052	7904
3053	7872
3054	7876
3055	7940
3056	7991
3057	7903
3058	7908
3059	7911
3060	7921
3061	7940
3062	7958
3063	7951
3064	7957
3065	7932
3066	7948
3067	7970
3068	7942
3069	7965
3070	7959
3071	7952
3072	7966
3073	7970
3074	7980
3075	7919
3076	7916
3077	7981
3078	7950
3079	7993
3080	7946
3081	7972
3082	7957
3083	7968
3084	7990
3085	7958
3086	7835
3087	7846
3088	7841
3089	7847
3090	7844
3091	7961
3092	7977
3093	7966
3094	7980
3095	7939
3096	7954
3097	7931
3098	7985
3099	7928
3100	7864
3101	7851
3102	7992
3103	7988
3104	7907
3105	7979
3106	7953
3107	7960
3108	7986
3109	7961
3110	7992
3111	7822
3112	7841
3113	7896
3114	7874
3115	7978
3116	7910
3117	7983
3118	7942
3119	7940
3120	7930
3121	7837
3122	7819
3123	7998
3124	8000
3125	7970
3126	7945
3127	7971
3128	7981
3129	7994
3130	7996
3131	7971
3132	7896
3133	7933
3134	7896
3135	7990
3136	7982
3137	7990
3138	7958
3139	7921
3140	7996
3141	7984
3142	7994
3143	7989
3144	7935
3145	7988
3146	7991
3147	7981
3148	7999
3149	7906
3150	7991
3151	7997
3152	7980
3153	7994
3154	7977
3155	7884
3156	7973
3157	7968
3158	7986
3159	7977
3160	7956
3161	7989
3162	7993
3163	7976
3164	7999
3165	7962
3166	7996
3167	7908
3168	7875
3169	7891
3170	7969
3171	7959
3172	7986
3173	7971
3174	7857
3175	7855
3176	7997
3177	7979
3178	7981
3179	7982
3180	7915
3181	7983
3182	7988
3183	7872
3184	7984
3185	7858
3186	7964
3187	7983
3188	7932
3189	7888
3190	7899
3191	7989
3192	7995
3193	7994
3194	7853
3195	7808
3196	7771
3197	7764
3198	7782
3199	7681
3200	7708
3201	7712
3202	7772
3203	7808
3204	7779
3205	7885
3206	7965
3207	7984
3208	7909
3209	7882
3210	7897
3211	7883
3212	7897
3213	7885
3214	7905
3215	7988
3216	7966
3217	7995
3218	7953
3219	7975
3220	7959
3221	7949
3222	7950
3223	7965
3224	7973
3225	7995
3226	7964
3227	7997
3228	7953
3229	7957
3230	7911
3231	7822
3232	7812
3233	7880
3234	7846
3235	7779
3236	7787
3237	7781
3238	7762
3239	7777
3240	7945
3241	7996
3242	7911
3243	7948
3244	7973
3245	7912
3246	7941
3247	7967
3248	7943
3249	7956
3250	7898
3251	7960
3252	7905
3253	7994
3254	7996
3255	7915
3256	7951
3257	7952
3258	7993
3259	8000
3260	7980
3261	7985
3262	7944
3263	7931
3264	7883
3265	7980
3266	7990
3267	7924
3268	7966
3269	7955
3270	7993
3271	7996
3272	7954
3273	7972
3274	7933
3275	7984
3276	7980
3277	7967
3278	7972
3279	7899
3280	7892
3281	7941
3282	7983
3283	7812
3284	7701
3285	7670
3286	7645
3287	7692
3288	7920
3289	7926
3290	7870
3291	7981
3292	7911
3293	7961
3294	7994
3295	7990
3296	7987
3297	7986
3298	7983
3299	7961
3300	7885
3301	7947
3302	7979
3303	7906
3304	7860
3305	7920
3306	8000
3307	7924
3308	7903
3309	7999
3310	7963
3311	7997
3312	7988
3313	7967
3314	7972
3315	7991
3316	7974
3317	7978
3318	7893
3319	7872
3320	7930
3321	7998
3322	7874
3323	7991
3324	7952
3325	7952
3326	7962
3327	7934
3328	7893
3329	7854
3330	7904
3331	7887
3332	7848
3333	7982
3334	7965
3335	7940
3336	7989
3337	7998
3338	7975
3339	7964
3340	7888
3341	7927
3342	7850
3343	7833
3344	7823
3345	7770
3346	7862
3347	7842
3348	7833
3349	7818
3350	7813
3351	7970
3352	7980
3353	7905
3354	7900
3355	7887
3356	7947
3357	7984
3358	7969
3359	7973
3360	7911
3361	7843
3362	7566
3363	7547
3364	7787
3365	7783
3366	7846
3367	7996
3368	7940
3369	7962
3370	7938
3371	7950
3372	7993
3373	8000
3374	7923
3375	7997
3376	7963
3377	7873
3378	7907
3379	7937
3380	7985
3381	7995
3382	7954
3383	7988
3384	7854
3385	7938
3386	7935
3387	7977
3388	7989
3389	7988
3390	7988
3391	7951
3392	7978
3393	7989
3394	7986
3395	7961
3396	7932
3397	7976
3398	8000
3399	7976
3400	7984
3401	7942
3402	7906
3403	7958
3404	7928
3405	7993
3406	7949
3407	7978
3408	7995
3409	7971
3410	7978
3411	7987
3412	7964
3413	7977
3414	7977
3415	7976
3416	7997
3417	7974
3418	7981
3419	7960
3420	7960
3421	7824
3422	7971
3423	7973
3424	7972
3425	7933
3426	7965
3427	7899
3428	7983
3429	7965
3430	7913
3431	7834
3432	7874
3433	7948
3434	7995
3435	7909
3436	7903
3437	7911
3438	7955
3439	7973
3440	7958
3441	7944
3442	7931
3443	7875
3444	7917
3445	7984
3446	7899
3447	7977
3448	7973
3449	7992
3450	7955
3451	7947
3452	7946
3453	7951
3454	7962
3455	7982
3456	7874
3457	7733
3458	7789
3459	7845
3460	7848
3461	7850
3462	7871
3463	7894
3464	7995
3465	7996
3466	7950
3467	7969
3468	7930
3469	7967
3470	7955
3471	7995
3472	7972
3473	7964
3474	7961
3475	7956
3476	7944
3477	7957
3478	7929
3479	7995
3480	7996
3481	7970
3482	7942
3483	7975
3484	7920
3485	7977
3486	7968
3487	7989
3488	7968
3489	7996
3490	7953
3491	7871
3492	7854
3493	7843
3494	7848
3495	7865
3496	7992
3497	7883
3498	7984
3499	7932
3500	7979
3501	7980
3502	7939
3503	7973
3504	7895
3505	7897
3506	7856
3507	7748
3508	7814
3509	7907
3510	7850
3511	7890
3512	7977
3513	7992
3514	7990
3515	7990
3516	7938
3517	7988
3518	7942
3519	7973
3520	7982
3521	7965
3522	7949
3523	7997
3524	7986
3525	7982
3526	7957
3527	7957
3528	7980
3529	7909
3530	7890
3531	7982
3532	7940
3533	7849
3534	7968
3535	7989
3536	7995
3537	7976
3538	7727
3539	7772
3540	7834
3541	7900
3542	7841
3543	7804
3544	7780
3545	7825
3546	7982
3547	7987
3548	7977
3549	7966
3550	7939
3551	7958
3552	7967
3553	7993
3554	7956
3555	7909
3556	7842
3557	7891
3558	7910
3559	7988
3560	7915
3561	7891
3562	7958
3563	7948
3564	7990
3565	7994
3566	7984
3567	7979
3568	7975
3569	7978
3570	7994
3571	7918
3572	7885
3573	7899
3574	7915
3575	7995
3576	7977
3577	7990
3578	7952
3579	7967
3580	7928
3581	7931
3582	7961
3583	7827
3584	7967
3585	7995
3586	7995
3587	7968
3588	7961
3589	7998
3590	7990
3591	7950
3592	7948
3593	7944
3594	7901
3595	7896
3596	7911
3597	7975
3598	7997
3599	7996
3600	7988
3601	7886
3602	7853
3603	7975
3604	7999
3605	7971
3606	7991
3607	7913
3608	7957
3609	7974
3610	7945
3611	7927
3612	7869
3613	7778
3614	7737
3615	7990
3616	7994
3617	7903
3618	7938
3619	7924
3620	7954
3621	7976
3622	7976
3623	7971
3624	7918
3625	7984
3626	7839
3627	7946
3628	7935
3629	7976
3630	7977
3631	7980
3632	7985
3633	7988
3634	7932
3635	7925
3636	7918
3637	7889
3638	7873
3639	7928
3640	7985
3641	7900
3642	7935
3643	7945
3644	7987
3645	7992
3646	7988
3647	7996
3648	7953
3649	7901
3650	7994
3651	7967
3652	7996
3653	7995
3654	7977
3655	7965
3656	7890
3657	7887
3658	7920
3659	7912
3660	7983
3661	7965
3662	7940
3663	7989
3664	7969
3665	7978
3666	7964
3667	7882
3668	7999
3669	7982
3670	7986
3671	7965
3672	7909
3673	7820
3674	7791
3675	7801
3676	7922
3677	7983
3678	7975
3679	7953
3680	7954
3681	7989
3682	7985
3683	7960
3684	7897
3685	7975
3686	7946
3687	7953
3688	7985
3689	7959
3690	7992
3691	7986
3692	7952
3693	7953
3694	7857
3695	7905
3696	7946
3697	7949
3698	7928
3699	7913
3700	7958
3701	7974
3702	7990
3703	7973
3704	7990
3705	7980
3706	7966
3707	7915
3708	7958
3709	7958
3710	7956
3711	7972
3712	7983
3713	7980
3714	7989
3715	7924
3716	7993
3717	7973
3718	7965
3719	7962
3720	7844
3721	7833
3722	7971
3723	7994
3724	7996
3725	7989
3726	7986
3727	7985
3728	7989
3729	7975
3730	7960
3731	7973
3732	7979
3733	7967
3734	7943
3735	7975
3736	7953
3737	7978
3738	7980
3739	7955
3740	7940
3741	7986
3742	7965
3743	7983
3744	7955
3745	7955
3746	7918
3747	7903
3748	7897
3749	7986
3750	7986
3751	7940
3752	7980
3753	7924
3754	7979
3755	7992
3756	7944
3757	7995
3758	7853
3759	7994
3760	7869
3761	7963
3762	7942
3763	7897
3764	7883
3765	7872
3766	7851
3767	7838
3768	7756
3769	7712
3770	7658
3771	7678
3772	7824
3773	7815
3774	7853
3775	7920
3776	7950
3777	7950
3778	7998
3779	7997
3780	7980
3781	7988
3782	7924
3783	7970
3784	7899
3785	7895
3786	7991
3787	7947
3788	7985
3789	7962
3790	7939
3791	7941
3792	7936
3793	7906
3794	7941
3795	7949
3796	7963
3797	7921
3798	7990
3799	7988
3800	7982
3801	7960
3802	7983
3803	7974
3804	7979
3805	7982
3806	7910
3807	7913
3808	7883
3809	7926
3810	7996
3811	7982
3812	7960
3813	7920
3814	7963
3815	7966
3816	7991
3817	7941
3818	7983
3819	7924
3820	7941
3821	7984
3822	7993
3823	7973
3824	7971
3825	7904
3826	7875
3827	7987
3828	7944
3829	7931
3830	7920
3831	7968
3832	7989
3833	7959
3834	7954
3835	7909
3836	7889
3837	7998
3838	7993
3839	7994
3840	7947
3841	7947
3842	7918
3843	7916
3844	7918
3845	7992
3846	7973
3847	7937
3848	7951
3849	7975
3850	7998
3851	7996
3852	7978
3853	7994
3854	7923
3855	7889
3856	7952
3857	7865
3858	7886
3859	7905
3860	7879
3861	7981
3862	7993
3863	7996
3864	7987
3865	7799
3866	7936
3867	7950
3868	7991
3869	7949
3870	7872
3871	7981
3872	7990
3873	7984
3874	7952
3875	7956
3876	7950
3877	7988
3878	7928
3879	7915
3880	7922
3881	7979
3882	7976
3883	7979
3884	7973
3885	7990
3886	7945
3887	7909
3888	7991
3889	7947
3890	7949
3891	7969
3892	7978
3893	7948
3894	7944
3895	7800
3896	7865
3897	7980
3898	7972
3899	7987
3900	7990
3901	7879
3902	7916
3903	7888
3904	7866
3905	7935
3906	7955
3907	7996
3908	7971
3909	7882
3910	7938
3911	7958
3912	7986
3913	7958
3914	7949
3915	7993
3916	7977
3917	7964
3918	7958
3919	7943
3920	7994
3921	7983
3922	7977
3923	7888
3924	7934
3925	7795
3926	7727
3927	7685
3928	7510
3929	7431
3930	7986
3931	7997
3932	7987
3933	7990
3934	7949
3935	7939
3936	7856
3937	7958
3938	7988
3939	7975
3940	7958
3941	7978
3942	7997
3943	7991
3944	7991
3945	7978
3946	7909
3947	7875
3948	7915
3949	7858
3950	7911
3951	7939
3952	7978
3953	7989
3954	7976
3955	7993
3956	7997
3957	7984
3958	7965
3959	7966
3960	7981
3961	7929
3962	7931
3963	7869
3964	7980
3965	7934
3966	7990
3967	7954
3968	7956
3969	7996
3970	7996
3971	7996
3972	7943
3973	7924
3974	7986
3975	7996
3976	7991
3977	7991
3978	7969
3979	7956
3980	7939
3981	7998
3982	7976
3983	7990
3984	7967
3985	7953
3986	7972
3987	7977
3988	7969
3989	7968
3990	7978
3991	7934
3992	7952
3993	7988
3994	7971
3995	7976
3996	7946
3997	7985
3998	7951
3999	7919
4000	7893
4001	7875
4002	7980
4003	7886
4004	7846
4005	7989
4006	7975
4007	7994
4008	7956
4009	7954
4010	7906
4011	7968
4012	7908
4013	7977
4014	7946
4015	7969
4016	7970
4017	7986
4018	7995
4019	7948
4020	7933
4021	7774
4022	7746
4023	7988
4024	7987
4025	7970
4026	7948
4027	7902
4028	7950
4029	7965
4030	7998
4031	7984
4032	7951
4033	7987
4034	7926
4035	7991
4036	7945
4037	7922
4038	7944
4039	7972
4040	7896
4041	7990
4042	7886
4043	7943
4044	7878
4045	7978
4046	7994
4047	7940
4048	7992
4049	7930
4050	7901
4051	7988
4052	7959
4053	7979
4054	7955
4055	7979
4056	7949
4057	7943
4058	7932
4059	7920
4060	7918
4061	7935
4062	7930
4063	7871
4064	7932
4065	7951
4066	7976
4067	7971
4068	7950
4069	7965
4070	7985
4071	7983
4072	7950
4073	7964
4074	7975
4075	7960
4076	7983
4077	7892
4078	7985
4079	7970
4080	7988
4081	7961
4082	7951
4083	7781
4084	7845
4085	7914
4086	7984
4087	7987
4088	7929
4089	7933
4090	7924
4091	7995
4092	7999
4093	7972
4094	7912
4095	7990
4096	7948
4097	7971
4098	7954
4099	7909
4100	7920
4101	7984
4102	7983
4103	7984
4104	7923
4105	7993
4106	7988
4107	7970
4108	7995
4109	7978
4110	7985
4111	7986
4112	7925
4113	7996
4114	7964
4115	7940
4116	7977
4117	7860
4118	7896
4119	7896
4120	7854
4121	7998
4122	7903
4123	7967
4124	7985
4125	7974
4126	7969
4127	7907
4128	7934
4129	7930
4130	7888
4131	7879
4132	7889
4133	7982
4134	7980
4135	7977
4136	7982
4137	7967
4138	7981
4139	7976
4140	7997
4141	7941
4142	7941
4143	7927
4144	7994
4145	7941
4146	7926
4147	7939
4148	7904
4149	7946
4150	7929
4151	7998
4152	7979
4153	7945
4154	7994
4155	7994
4156	7967
4157	7948
4158	7988
4159	7990
4160	7955
4161	7976
4162	7945
4163	7983
4164	7977
4165	7983
4166	7966
4167	7965
4168	7980
4169	7989
4170	7976
4171	7930
4172	7915
4173	7892
4174	7880
4175	7805
4176	7679
4177	7775
4178	7719
4179	7708
4180	7948
4181	7980
4182	7990
4183	7997
4184	7998
4185	7988
4186	7975
4187	7989
4188	7928
4189	7914
4190	7984
4191	7983
4192	7988
4193	7963
4194	7984
4195	7953
4196	7989
4197	7960
4198	7980
4199	7945
4200	7905
4201	7869
4202	7950
4203	7950
4204	7977
4205	7964
4206	7898
4207	7981
4208	7982
4209	7988
4210	7954
4211	7951
4212	7994
4213	7996
4214	7996
4215	7933
4216	7844
4217	7828
4218	7811
4219	7939
4220	7972
4221	7968
4222	7992
4223	7953
4224	7963
4225	7966
4226	7986
4227	7985
4228	7976
4229	7996
4230	7974
4231	7949
4232	7956
4233	7944
4234	7936
4235	7991
4236	7993
4237	7972
4238	7939
4239	7959
4240	7989
4241	7976
4242	7983
4243	7961
4244	7956
4245	7970
4246	7977
4247	7977
4248	7939
4249	7834
4250	7996
4251	7989
4252	7904
4253	7927
4254	7961
4255	7970
4256	7931
4257	7999
4258	7985
4259	7893
4260	7971
4261	7937
4262	7974
4263	7975
4264	7902
4265	7936
4266	7964
4267	7975
4268	7985
4269	7974
4270	7975
4271	7983
4272	7954
4273	7945
4274	7851
4275	7972
4276	7975
4277	7966
4278	7950
4279	7966
4280	7927
4281	7959
4282	7993
4283	7983
4284	7911
4285	7953
4286	7924
4287	7892
4288	7973
4289	7967
4290	7968
4291	7903
4292	7883
4293	7912
4294	7840
4295	7988
4296	7929
4297	7929
4298	7932
4299	7870
4300	7887
4301	7990
4302	7948
4303	7982
4304	7943
4305	7977
4306	7941
4307	7945
4308	7977
4309	7955
4310	7945
4311	7918
4312	7858
4313	7969
4314	7931
4315	7968
4316	7998
4317	7960
4318	7908
4319	7942
4320	7985
4321	7987
4322	7971
4323	7987
4324	7950
4325	7855
4326	7871
4327	7937
4328	7985
4329	7905
4330	7985
4331	7952
4332	7964
4333	7878
4334	7889
4335	7975
4336	7939
4337	7933
4338	7989
4339	7985
4340	7949
4341	7931
4342	7871
4343	7878
4344	7861
4345	7989
4346	7915
4347	7910
4348	7997
4349	7965
4350	7998
4351	7978
4352	7938
4353	7989
4354	7943
4355	7922
4356	7930
4357	7925
4358	7944
4359	7937
4360	7944
4361	7984
4362	7947
4363	7990
4364	7979
4365	7990
4366	7987
4367	7981
4368	7985
4369	7932
4370	7900
4371	7933
4372	7909
4373	7992
4374	7988
4375	7941
4376	7928
4377	7984
4378	7982
4379	7994
4380	7984
4381	7988
4382	7930
4383	7907
4384	7929
4385	7969
4386	7988
4387	7967
4388	7979
4389	7979
4390	7985
4391	7966
4392	7995
4393	7913
4394	7913
4395	7852
4396	7995
4397	7956
4398	7907
4399	7963
4400	7928
4401	7918
4402	7924
4403	7901
4404	7986
4405	7940
4406	7952
4407	7966
4408	7918
4409	7935
4410	7993
4411	7988
4412	7970
4413	7925
4414	7896
4415	7983
4416	7977
4417	7988
4418	7974
4419	7978
4420	7953
4421	7989
4422	7901
4423	7989
4424	7949
4425	7984
4426	7985
4427	7860
4428	7976
4429	7802
4430	7842
4431	7800
4432	7769
4433	7760
4434	7804
4435	7993
4436	7989
4437	7934
4438	7969
4439	7967
4440	7994
4441	7956
4442	7988
4443	7978
4444	7978
4445	7974
4446	7983
4447	7955
4448	7948
4449	7965
4450	7959
4451	7964
4452	7953
4453	7898
4454	7816
4455	7833
4456	7907
4457	7899
4458	7939
4459	7980
4460	7988
4461	7983
4462	7977
4463	7962
4464	7978
4465	7963
4466	7979
4467	7974
4468	7935
4469	7897
4470	7838
4471	7998
4472	7984
4473	7980
4474	7992
4475	7919
4476	7945
4477	7969
4478	7984
4479	7988
4480	7977
4481	7928
4482	7916
4483	7896
4484	7834
4485	7862
4486	7922
4487	7899
4488	7989
4489	7980
4490	7961
4491	7963
4492	7960
4493	7971
4494	7973
4495	7976
4496	7956
4497	7929
4498	7892
4499	7937
4500	7992
4501	7893
4502	7893
4503	7957
4504	7938
4505	7913
4506	7899
4507	7843
4508	7793
4509	7965
4510	7912
4511	7938
4512	7926
4513	7915
4514	7950
4515	7987
4516	7962
4517	7964
4518	7891
4519	7952
4520	7847
4521	7997
4522	7971
4523	7962
4524	7963
4525	7919
4526	7727
4527	7713
4528	7696
4529	7652
4530	7647
4531	7608
4532	7580
4533	7754
4534	7857
4535	7865
4536	7844
4537	7844
4538	7851
4539	7783
4540	7782
4541	7753
4542	7830
4543	7918
4544	7897
4545	7948
4546	7937
4547	7958
4548	7952
4549	7966
4550	7944
4551	7894
4552	7828
4553	7851
4554	7817
4555	7902
4556	7908
4557	8000
4558	7985
4559	7957
4560	7965
4561	7963
4562	7949
4563	7985
4564	7941
4565	7871
4566	7884
4567	7844
4568	7897
4569	7961
4570	7843
4571	7907
4572	7849
4573	7824
4574	7745
4575	7868
4576	7823
4577	7854
4578	7735
4579	7660
4580	7656
4581	7630
4582	7626
4583	7597
4584	7556
4585	7556
4586	7734
4587	7792
4588	7823
4589	7791
4590	7797
4591	7781
4592	7823
4593	7831
4594	7875
4595	7793
4596	7436
4597	7606
4598	7634
4599	7654
4600	7794
4601	7800
4602	7836
4603	7929
4604	7852
4605	7979
4606	7946
4607	7879
4608	7858
4609	7749
4610	7992
4611	7999
4612	7964
4613	7909
4614	7933
4615	7971
4616	7976
4617	7988
4618	7999
4619	7989
4620	7980
4621	7994
4622	7971
4623	7879
4624	7957
4625	7979
4626	7990
4627	7920
4628	7889
4629	7928
4630	7937
4631	7941
4632	7926
4633	7872
4634	7768
4635	7742
4636	7753
4637	7739
4638	7715
4639	7660
4640	7661
4641	7691
4642	7692
4643	7682
4644	7684
4645	7723
4646	7722
4647	7658
4648	7658
4649	7589
4650	7591
4651	7573
4652	7639
4653	7738
4654	7644
4655	7685
4656	7663
4657	7667
4658	7662
4659	7619
4660	7629
4661	7561
4662	7598
4663	7584
4664	7587
4665	7573
4666	7571
4667	7614
4668	7632
4669	7759
4670	7744
4671	7720
4672	7740
4673	7742
4674	7783
4675	7993
4676	7928
4677	7979
4678	7886
4679	7836
4680	7856
4681	7883
4682	7865
4683	7883
4684	7712
4685	7723
4686	7495
4687	7459
4688	7435
4689	7441
4690	7437
4691	7468
4692	7456
4693	7455
4694	7415
4695	7399
4696	7401
4697	7391
4698	7447
4699	7457
4700	7417
4701	7406
4702	7373
4703	7386
4704	7382
4705	7381
4706	7412
4707	7315
4708	7398
4709	7357
4710	7436
4711	7660
4712	7646
4713	7657
4714	7654
4715	7604
4716	7657
4717	7626
4718	7644
4719	7640
4720	7542
4721	7834
4722	7802
4723	7870
4724	7860
4725	7819
4726	7852
4727	7860
4728	7881
4729	7907
4730	7742
4731	7699
4732	7678
4733	7754
4734	7863
4735	7868
4736	7738
4737	7760
4738	7822
4739	7836
4740	7889
4741	7888
4742	7929
4743	7967
4744	7962
4745	7999
4746	7950
4747	7969
4748	7965
4749	7904
4750	7897
4751	7747
4752	7838
4753	7834
4754	7801
4755	7938
4756	7970
4757	7998
4758	7994
4759	7935
4760	7882
4761	7762
4762	7764
4763	7762
4764	7629
4765	7578
4766	7517
4767	7613
4768	7570
4769	7586
4770	7590
4771	7476
4772	7426
4773	7398
4774	7402
4775	7405
4776	7338
4777	7331
4778	7361
4779	7340
4780	7384
4781	7371
4782	7368
4783	7348
4784	7353
4785	7391
4786	7423
4787	7532
4788	7530
4789	7583
4790	7600
4791	7631
4792	7634
4793	7632
4794	7608
4795	7659
4796	7661
4797	7645
4798	7683
4799	7687
4800	7709
4801	7734
4802	7730
4803	7863
4804	7905
4805	7951
4806	7934
4807	7900
4808	7942
4809	7943
4810	7950
4811	7943
4812	7845
4813	7984
4814	7924
4815	7950
4816	7914
4817	7764
4818	7821
4819	7877
4820	7944
4821	7942
4822	7727
4823	7736
4824	7717
4825	7976
4826	7959
4827	7961
4828	7964
4829	7882
4830	7942
4831	7958
4832	7990
4833	7993
4834	7773
4835	7890
4836	7766
4837	7824
4838	7832
4839	7860
4840	7903
4841	7953
4842	7995
4843	7940
4844	7906
4845	7891
4846	7910
4847	7899
4848	7827
4849	7953
4850	7888
4851	7910
4852	7906
4853	7899
4854	7823
4855	7791
4856	7852
4857	7824
4858	7922
4859	7908
4860	7946
4861	7995
4862	7998
4863	7994
4864	7976
4865	7918
4866	7979
4867	7950
4868	7980
4869	7987
4870	7977
4871	7992
4872	7963
4873	7967
4874	7974
4875	7910
4876	7885
4877	7929
4878	7937
4879	7987
4880	7975
4881	7976
4882	7992
4883	7992
4884	7999
4885	7998
4886	7991
4887	7991
4888	7990
4889	7998
4890	7985
4891	7992
4892	7980
4893	7973
4894	7990
4895	7975
4896	7935
4897	7933
4898	7931
4899	7942
4900	7946
4901	7984
4902	7996
4903	7944
4904	7947
4905	7987
4906	7977
4907	7995
4908	7993
4909	7988
4910	7981
4911	7903
4912	7997
4913	7935
4914	7989
4915	7908
4916	7945
4917	7907
4918	7965
4919	7924
4920	7919
4921	7948
4922	7815
4923	7835
4924	7886
4925	7949
4926	7853
4927	7784
4928	7756
4929	7798
4930	7804
4931	7836
4932	7806
4933	7793
4934	7763
4935	7761
4936	7786
4937	7724
4938	7739
4939	7804
4940	7799
4941	7804
4942	7801
4943	7806
4944	7840
4945	7911
4946	7873
4947	7923
4948	7856
4949	7935
4950	7951
4951	7930
4952	7989
4953	7983
4954	7970
4955	7983
4956	7967
4957	7983
4958	7979
4959	7897
4960	7913
4961	7800
4962	7822
4963	7962
4964	7945
4965	7955
4966	7955
4967	7941
4968	7941
4969	7969
4970	7978
4971	7917
4972	7779
4973	7738
4974	7979
4975	7994
4976	7996
4977	7967
4978	7881
4979	7826
4980	7992
4981	7982
4982	7990
4983	7941
4984	7736
4985	7938
4986	7967
4987	7965
4988	7940
4989	7823
4990	7816
4991	7789
4992	7719
4993	7651
4994	7511
4995	7515
4996	7563
4997	7753
4998	7766
4999	7817
5000	7832
5001	7822
5002	7951
5003	7911
5004	7928
5005	7926
5006	7721
5007	7741
5008	7721
5009	7748
5010	7786
5011	7789
5012	7808
5013	7767
5014	7818
5015	7871
5016	7855
5017	7895
5018	7856
5019	7890
5020	7903
5021	7906
5022	7998
5023	7955
5024	7949
5025	7958
5026	7932
5027	7995
5028	7994
5029	7964
5030	7975
5031	7940
5032	7935
5033	7932
5034	7938
5035	7958
5036	7926
5037	7892
5038	7668
5039	7613
5040	7566
5041	7684
5042	7697
5043	7725
5044	7759
5045	7666
5046	7659
5047	7660
5048	7719
5049	7681
5050	7624
5051	7642
5052	7656
5053	7668
5054	7590
5055	7600
5056	7705
5057	7653
5058	7761
5059	7721
5060	7751
5061	7760
5062	7762
5063	7766
5064	7643
5065	7658
5066	7723
5067	7631
5068	7646
5069	7633
5070	7644
5071	7598
5072	7641
5073	7710
5074	7767
5075	7772
5076	7646
5077	7730
5078	7724
5079	7717
5080	7734
5081	7648
5082	7638
5083	7594
5084	7757
5085	7817
5086	7727
5087	7771
5088	7736
5089	7730
5090	7924
5091	7972
5092	7923
5093	7863
5094	7863
5095	7857
5096	7663
5097	7657
5098	7798
5099	7759
5100	7657
5101	7670
5102	7608
5103	7718
5104	7721
5105	7716
5106	7705
5107	7683
5108	7834
5109	7806
5110	7767
5111	7759
5112	7667
5113	7799
5114	7817
5115	7809
5116	7794
5117	7704
5118	7725
5119	7788
5120	7810
5121	7987
5122	7940
5123	7999
5124	7997
5125	7993
5126	7996
5127	7969
5128	7924
5129	7929
5130	7849
5131	7846
5132	7900
5133	7899
5134	7867
5135	7860
5136	7798
5137	7811
5138	7811
5139	7812
5140	7796
5141	7835
5142	7847
5143	7969
5144	7981
5145	7971
5146	7990
5147	7885
5148	7961
5149	7993
5150	7975
5151	7979
5152	7923
5153	7953
5154	7997
5155	7983
5156	7956
5157	7969
5158	7976
5159	7999
5160	7999
5161	7976
5162	7975
5163	7865
5164	7904
5165	7873
5166	7918
5167	7895
5168	7933
5169	7931
5170	7902
5171	7978
5172	7979
5173	7974
5174	7948
5175	7954
5176	7912
5177	7979
5178	7695
5179	7654
5180	7655
5181	7668
5182	7717
5183	7991
5184	7997
5185	7997
5186	7945
5187	7943
5188	8000
5189	7971
5190	7976
5191	7973
5192	7970
5193	7980
5194	7945
5195	7982
5196	7936
5197	7914
5198	7933
5199	7912
5200	7968
5201	7992
5202	7993
5203	7955
5204	7957
5205	7997
5206	7983
5207	7967
5208	7984
5209	7940
5210	7998
5211	7987
5212	7820
5213	7839
5214	7864
5215	7933
5216	7924
5217	7939
5218	7959
5219	7945
5220	7912
5221	7821
5222	7851
5223	7886
5224	7993
5225	7849
5226	7889
5227	7963
5228	7966
5229	7987
5230	7985
5231	7901
5232	7976
5233	7922
5234	7917
5235	7917
5236	7841
5237	7903
5238	7902
5239	7931
5240	7973
5241	7805
5242	7915
5243	7983
5244	7990
5245	7997
5246	7927
5247	7919
5248	7826
5249	7801
5250	7776
5251	7816
5252	7899
5253	7789
5254	7892
5255	7881
5256	7998
5257	7989
5258	7980
5259	7988
5260	7918
5261	7955
5262	7912
5263	7961
5264	7982
5265	7858
5266	7903
5267	7961
5268	7952
5269	7953
5270	7954
5271	7946
5272	7943
5273	7905
5274	7900
5275	7868
5276	7888
5277	7934
5278	7921
5279	7925
5280	7929
5281	7932
5282	7979
5283	7990
5284	7999
5285	7996
5286	7962
5287	7930
5288	7916
5289	7960
5290	7989
5291	8000
5292	7906
5293	7932
5294	7927
5295	7987
5296	7970
5297	7998
5298	7948
5299	7986
5300	7987
5301	7946
5302	7973
5303	7954
5304	7931
5305	7908
5306	7640
5307	7816
5308	7854
5309	7953
5310	7990
5311	7922
5312	7893
5313	7876
5314	7906
5315	7915
5316	7992
5317	7874
5318	7862
5319	7772
5320	7773
5321	7830
5322	7848
5323	7770
5324	7813
5325	7784
5326	7776
5327	7809
5328	7768
5329	7989
5330	7979
5331	7976
5332	7993
5333	7948
5334	7926
5335	7887
5336	7930
5337	7994
5338	7840
5339	7696
5340	7666
5341	7718
5342	7755
5343	7750
5344	7858
5345	7857
5346	7836
5347	7849
5348	7844
5349	7755
5350	7801
5351	7804
5352	7814
5353	7831
5354	7880
5355	7999
5356	7971
5357	7996
5358	7989
5359	7873
5360	7881
5361	7857
5362	7888
5363	7845
5364	7853
5365	7875
5366	7860
5367	7991
5368	7719
5369	7732
5370	7666
5371	7682
5372	7723
5373	7728
5374	7910
5375	7880
5376	7829
5377	7824
5378	7819
5379	7819
5380	7835
5381	7867
5382	7869
5383	7880
5384	7878
5385	7887
5386	7898
5387	7902
5388	7898
5389	7929
5390	7940
5391	7982
5392	7977
5393	7905
5394	7890
5395	7994
5396	7978
5397	7981
5398	7992
5399	7946
5400	7981
5401	7994
5402	7969
5403	7886
5404	7777
5405	7790
5406	7559
5407	7583
5408	7678
5409	7664
5410	7790
5411	7971
5412	7968
5413	7992
5414	7999
5415	7927
5416	7984
5417	7938
5418	7964
5419	7793
5420	7760
5421	7764
5422	7987
5423	7997
5424	7989
5425	7997
5426	7889
5427	7862
5428	7758
5429	7867
5430	7975
5431	7989
5432	7936
5433	7934
5434	7976
5435	7995
5436	7996
5437	7978
5438	7957
5439	7936
5440	7965
5441	7936
5442	7998
5443	7982
5444	7965
5445	7995
5446	7952
5447	7995
5448	7998
5449	7975
5450	7941
5451	7881
5452	7996
5453	7986
5454	7992
5455	7967
5456	7972
5457	7994
5458	7988
5459	7984
5460	7965
5461	7903
5462	7955
5463	7970
5464	7928
5465	7892
5466	7789
5467	7810
5468	7930
5469	7930
5470	7990
5471	7932
5472	7933
5473	7905
5474	7912
5475	7962
5476	7965
5477	7863
5478	7956
5479	7947
5480	7967
5481	7920
5482	7844
5483	7887
5484	7909
5485	7964
5486	7983
5487	7935
5488	7956
5489	7933
5490	7946
5491	7933
5492	7954
5493	7911
5494	7956
5495	7964
5496	7987
5497	7982
5498	7981
5499	7994
5500	7994
5501	7997
5502	7938
5503	7828
5504	7860
5505	7885
5506	7919
5507	7923
5508	7963
5509	7988
5510	7967
5511	7980
5512	7976
5513	7967
5514	7957
5515	7963
5516	7917
5517	7821
5518	7828
5519	7842
5520	7851
5521	7936
5522	7959
5523	7967
5524	7997
5525	7992
5526	7978
5527	7987
5528	7973
5529	7991
5530	7994
5531	7970
5532	7938
5533	7852
5534	7984
5535	7982
5536	7995
5537	7980
5538	7927
5539	7930
5540	7902
5541	7970
5542	7973
5543	7894
5544	7881
5545	7876
5546	7751
5547	7793
5548	7843
5549	7834
5550	7810
5551	7942
5552	7912
5553	7973
5554	7986
5555	7986
5556	7985
5557	7943
5558	7932
5559	7967
5560	7873
5561	7804
5562	7895
5563	7873
5564	7980
5565	7962
5566	7959
5567	7945
5568	7968
5569	7961
5570	7969
5571	7927
5572	7928
5573	7931
5574	7949
5575	7946
5576	7883
5577	7925
5578	7918
5579	7865
5580	7839
5581	7853
5582	7839
5583	7904
5584	7966
5585	7989
5586	7927
5587	7889
5588	7895
5589	7903
5590	7914
5591	7983
5592	7888
5593	7853
5594	7816
5595	7874
5596	7903
5597	7990
5598	7983
5599	7966
5600	7960
5601	7966
5602	7985
5603	7964
5604	7877
5605	7971
5606	7809
5607	7857
5608	7905
5609	7929
5610	7920
5611	7944
5612	7918
5613	7894
5614	7915
5615	7863
5616	7740
5617	7716
5618	7707
5619	7711
5620	7718
5621	7744
5622	7747
5623	7777
5624	7812
5625	7797
5626	7834
5627	7830
5628	7841
5629	7836
5630	7835
5631	7892
5632	7845
5633	7977
5634	7985
5635	7981
5636	7995
5637	7990
5638	7972
5639	7997
5640	7913
5641	7935
5642	7882
5643	7906
5644	7910
5645	7906
5646	7870
5647	7925
5648	7928
5649	7998
5650	7988
5651	7990
5652	7979
5653	7940
5654	7980
5655	7984
5656	7862
5657	7898
5658	7845
5659	7880
5660	7924
5661	7845
5662	7848
5663	7833
5664	7819
5665	7996
5666	7978
5667	7867
5668	7776
5669	7687
5670	7727
5671	7717
5672	7829
5673	7922
5674	7833
5675	7969
5676	7971
5677	7999
5678	7997
5679	7789
5680	7924
5681	7953
5682	7992
5683	7999
5684	7904
5685	7974
5686	7970
5687	7987
5688	7993
5689	7946
5690	7998
5691	7985
5692	7974
5693	7966
5694	7957
5695	7949
5696	7907
5697	7890
5698	7947
5699	7910
5700	7912
5701	7946
5702	7978
5703	7927
5704	7984
5705	7976
5706	7998
5707	7978
5708	7980
5709	7993
5710	7989
5711	7976
5712	7955
5713	7890
5714	7953
5715	7982
5716	7984
5717	7974
5718	7969
5719	7928
5720	7922
5721	7890
5722	7895
5723	7825
5724	7890
5725	7982
5726	7923
5727	7992
5728	7965
5729	7906
5730	7921
5731	7908
5732	7967
5733	7923
5734	7908
5735	7903
5736	7880
5737	7922
5738	7988
5739	7981
5740	7992
5741	7954
5742	7889
5743	7966
5744	7943
5745	7898
5746	7918
5747	7873
5748	7898
5749	7906
5750	7927
5751	7980
5752	7900
5753	7947
5754	7971
5755	7960
5756	7968
5757	7830
5758	7821
5759	7846
5760	7869
5761	7859
5762	7999
5763	7982
5764	7994
5765	7974
5766	7983
5767	7995
5768	7966
5769	7931
5770	7846
5771	970
5772	7951
5773	7946
5774	7932
5775	7947
5776	7973
5777	7999
5778	7995
5779	7994
5780	7987
5781	7945
5782	7994
5783	7988
5784	7997
5785	7958
5786	7868
5787	7891
5788	7972
5789	7999
5790	7996
5791	7993
5792	7922
5793	7977
5794	7963
5795	7976
5796	7969
5797	7909
5798	7997
5799	7924
5800	7906
5801	7994
5802	7953
5803	7942
5804	7931
5805	7930
5806	7871
5807	7912
5808	7983
5809	7986
5810	7956
5811	7934
5812	7939
5813	7893
5814	7961
5815	7972
5816	7894
5817	7998
5818	7858
5819	7923
5820	7985
5821	7931
5822	8000
5823	7941
5824	7992
5825	7992
5826	7965
5827	7991
5828	7972
5829	7947
5830	7972
5831	7909
5832	7900
5833	7888
5834	7910
5835	7908
5836	7913
5837	7947
5838	7991
5839	7979
5840	7988
5841	7981
5842	7984
5843	7951
5844	7967
5845	7984
5846	7934
5847	7886
5848	7861
5849	7944
5850	7979
5851	7978
5852	7949
5853	7919
5854	7877
5855	7891
5856	7846
5857	7927
5858	7929
5859	7897
5860	7890
5861	7923
5862	7988
5863	7996
5864	7990
5865	7963
5866	7891
5867	7872
5868	7888
5869	7996
5870	7985
5871	7981
5872	7934
5873	7983
5874	7972
5875	7945
5876	7901
5877	7905
5878	7926
5879	7918
5880	7890
5881	7991
5882	7953
5883	7916
5884	7967
5885	7990
5886	7909
5887	7989
5888	7993
5889	7976
5890	7916
5891	7992
5892	7902
5893	7941
5894	7988
5895	7991
5896	7997
5897	7999
5898	7905
5899	7948
5900	7888
5901	7914
5902	7979
5903	7987
5904	7983
5905	7939
5906	7969
5907	7984
5908	7986
5909	7960
5910	7993
5911	7932
5912	7958
5913	7963
5914	7957
5915	7984
5916	7918
5917	7867
5918	7921
5919	7968
5920	7948
5921	7935
5922	7975
5923	7900
5924	7907
5925	7917
5926	7883
5927	7812
5928	7794
5929	7794
5930	7808
5931	7886
5932	7832
5933	7847
5934	7868
5935	7921
5936	7988
5937	7933
5938	7983
5939	7975
5940	7987
5941	7988
5942	7959
5943	7989
5944	7932
5945	7939
5946	7977
5947	7988
5948	7970
5949	7978
5950	7930
5951	7963
5952	7977
5953	7987
5954	7983
5955	7955
5956	7961
5957	7948
5958	7954
5959	7986
5960	7988
5961	7988
5962	7942
5963	7890
5964	7918
5965	7928
5966	7997
5967	7984
5968	7988
5969	7953
5970	7990
5971	7969
5972	7978
5973	7988
5974	7927
5975	7828
5976	7787
5977	7860
5978	7913
5979	7870
5980	7909
5981	7952
5982	7973
5983	7995
5984	7950
5985	7953
5986	7917
5987	7899
5988	7897
5989	7855
5990	7848
5991	7801
5992	7838
5993	7982
5994	7990
5995	7918
5996	7966
5997	7919
5998	7948
5999	7920
6000	7925
6001	7896
6002	7743
6003	7725
6004	7731
6005	7816
6006	7832
6007	7893
6008	7887
6009	7859
6010	7890
6011	7893
6012	7970
6013	7950
6014	7893
6015	7979
6016	7968
6017	7965
6018	7955
6019	7967
6020	7982
6021	7930
6022	7864
6023	7978
6024	7944
6025	7967
6026	7961
6027	7979
6028	7957
6029	7927
6030	7957
6031	7977
6032	7952
6033	7961
6034	7978
6035	7975
6036	7969
6037	7963
6038	7968
6039	7933
6040	7940
6041	7984
6042	7975
6043	7981
6044	7928
6045	7916
6046	7963
6047	7945
6048	7982
6049	7930
6050	7973
6051	7979
6052	7821
6053	7926
6054	7926
6055	7897
6056	7884
6057	7947
6058	7926
6059	7845
6060	7871
6061	7876
6062	7869
6063	7655
6064	7656
6065	7671
6066	7628
6067	7993
6068	7951
6069	7945
6070	7933
6071	7932
6072	7928
6073	5469
6074	5332
6075	5360
6076	7989
6077	7990
6078	7992
6079	7953
6080	7943
6081	7986
6082	7971
6083	7983
6084	7965
6085	7944
6086	7973
6087	7982
6088	7970
6089	7979
6090	7985
6091	7970
6092	7991
6093	7971
6094	7994
6095	7953
6096	7976
6097	7983
6098	7956
6099	7977
6100	7923
6101	7892
6102	7905
6103	7968
6104	7990
6105	7963
6106	7956
6107	7815
6108	7921
6109	7994
6110	7994
6111	7970
6112	7959
6113	7866
6114	7941
6115	7980
6116	7992
6117	7901
6118	7930
6119	7980
6120	7945
6121	7954
6122	7983
6123	7958
6124	7921
6125	7987
6126	7935
6127	7990
6128	7909
6129	7961
6130	7992
6131	7942
6132	7931
6133	7977
6134	7974
6135	7980
6136	7975
6137	7988
6138	7808
6139	7715
6140	7777
6141	7932
6142	7977
6143	7964
6144	7969
6145	7892
6146	7989
6147	7910
6148	7990
6149	7988
6150	7904
6151	7956
6152	7900
6153	7984
6154	7991
6155	7904
6156	7928
6157	7922
6158	7982
6159	7985
6160	7980
6161	7980
6162	7984
6163	7975
6164	7980
6165	7989
6166	7992
6167	7953
6168	7866
6169	7995
6170	7972
6171	7985
6172	7974
6173	7969
6174	7973
6175	7992
6176	7990
6177	7987
6178	7946
6179	7959
6180	7927
6181	7969
6182	7897
6183	7992
6184	7990
6185	7958
6186	7946
6187	7970
6188	7993
6189	7989
6190	7966
6191	7982
6192	7921
6193	7996
6194	7972
6195	7824
6196	7867
6197	7935
6198	7956
6199	7995
6200	7976
6201	7977
6202	7992
6203	7995
6204	7954
6205	7978
6206	7944
6207	7996
6208	7981
6209	7992
6210	7990
6211	7975
6212	7989
6213	7987
6214	7987
6215	7985
6216	7933
6217	7937
6218	7872
6219	7922
6220	7955
6221	7974
6222	7990
6223	7962
6224	7952
6225	7959
6226	7936
6227	7938
6228	7854
6229	7885
6230	7836
6231	7827
6232	7694
6233	7701
6234	7718
6235	7697
6236	7731
6237	7781
6238	7494
6239	7535
6240	7521
6241	6914
6242	6950
6243	7120
6244	7136
6245	7154
6246	7248
6247	7128
6248	7142
6249	7142
6250	7131
6251	7173
6252	7125
6253	7142
6254	5183
6255	5174
6256	5202
6257	5217
6258	5224
6259	4347
6260	4280
6261	4248
6262	4244
6263	4244
6264	4297
6265	4307
6266	5802
6267	5818
6268	5854
6269	6422
6270	6443
6271	6444
6272	6494
6273	6499
6274	6982
6275	7016
6276	7051
6277	7093
6278	7104
6279	7156
6280	7201
6281	7311
6282	7340
6283	7997
6284	7988
6285	7996
6286	7985
6287	7999
6288	7959
6289	7986
6290	7997
6291	7991
6292	7995
6293	7997
6294	7974
6295	7970
6296	7959
6297	7987
6298	7993
6299	7997
6300	7975
6301	7928
6302	7973
6303	7987
6304	7966
6305	7946
6306	7867
6307	7970
6308	7992
6309	7982
6310	7982
6311	7910
6312	7983
6313	7966
6314	7911
6315	7870
6316	7840
6317	7966
6318	7942
6319	7968
6320	7971
6321	7860
6322	7860
6323	7888
6324	7938
6325	7954
6326	7992
6327	7929
6328	7980
6329	7998
6330	7986
6331	7990
6332	7989
6333	7997
6334	7990
6335	7995
6336	7993
6337	7980
6338	7967
6339	7988
6340	7996
6341	7984
6342	7963
6343	7962
6344	7977
6345	7859
6346	7954
6347	7869
6348	7950
6349	7916
6350	7927
6351	7968
6352	7900
6353	7866
6354	7992
6355	7945
6356	7997
6357	7930
6358	7961
6359	7975
6360	7947
6361	7929
6362	7878
6363	7947
6364	7980
6365	7933
6366	7922
6367	7922
6368	7909
6369	7910
6370	7933
6371	7937
6372	7899
6373	7960
6374	7978
6375	7978
6376	7953
6377	7946
6378	7956
6379	7934
6380	7956
6381	7959
6382	7929
6383	7901
6384	7798
6385	7836
6386	7785
6387	7769
6388	7822
6389	7819
6390	7902
6391	7823
6392	7827
6393	7852
6394	7937
6395	7966
6396	7973
6397	7935
6398	7942
6399	7980
6400	7962
6401	7993
6402	7957
6403	7941
6404	7947
6405	7963
6406	7987
6407	7955
6408	7966
6409	7967
6410	7930
6411	7813
6412	7814
6413	7716
6414	7869
6415	7851
6416	7975
6417	7994
6418	7904
6419	7988
6420	7981
6421	7989
6422	7994
6423	7871
6424	7965
6425	7912
6426	7922
6427	7891
6428	7856
6429	7827
6430	7869
6431	7923
6432	7933
6433	7910
6434	7847
6435	7978
6436	7971
6437	7996
6438	7983
6439	7968
6440	7948
6441	7929
6442	7962
6443	7928
6444	7840
6445	7992
6446	7978
6447	7980
6448	7937
6449	7892
6450	7937
6451	7931
6452	7971
6453	7978
6454	7972
6455	7918
6456	7980
6457	7969
6458	7983
6459	7974
6460	7953
6461	7964
6462	7986
6463	7966
6464	7988
6465	7936
6466	7931
6467	7905
6468	7943
6469	7946
6470	7938
6471	7978
6472	7940
6473	7879
6474	7966
6475	7960
6476	7927
6477	7902
6478	7905
6479	7946
6480	7932
6481	7823
6482	7839
6483	7717
6484	7673
6485	7684
6486	7613
6487	7727
6488	7698
6489	7674
6490	7606
6491	7587
6492	7583
6493	7556
6494	7543
6495	7562
6496	7575
6497	7583
6498	7618
6499	7739
6500	7758
6501	7765
6502	7749
6503	7762
6504	7752
6505	7738
6506	7712
6507	7694
6508	7600
6509	7632
6510	7690
6511	7688
6512	7736
6513	7801
6514	7788
6515	7927
6516	7964
6517	7950
6518	7947
6519	7910
6520	7939
6521	7958
6522	7944
6523	7956
6524	7848
6525	7966
6526	7963
6527	7920
6528	7963
6529	7937
6530	7912
6531	7911
6532	7715
6533	7764
6534	7897
6535	7931
6536	7943
6537	7924
6538	7904
6539	7918
6540	7947
6541	7954
6542	7954
6543	7918
6544	7905
6545	7953
6546	7928
6547	7957
6548	7949
6549	7981
6550	7952
6551	7893
6552	7754
6553	7829
6554	7861
6555	7858
6556	7873
6557	7843
6558	7789
6559	7770
6560	7922
6561	7964
6562	7907
6563	7840
6564	7858
6565	7869
6566	7875
6567	7919
6568	7964
6569	7870
6570	7793
6571	7780
6572	7796
6573	7799
6574	7787
6575	7773
6576	7779
6577	7719
6578	7707
6579	7699
6580	7853
6581	7885
6582	7889
6583	7924
6584	7895
6585	7914
6586	7968
6587	7991
6588	7990
6589	7861
6590	7884
6591	7938
6592	7960
6593	7979
6594	7944
6595	7920
6596	7935
6597	7876
6598	7837
6599	7832
6600	7746
6601	7812
6602	7808
6603	7804
6604	7782
6605	7677
6606	7667
6607	7615
6608	7569
6609	7550
6610	7441
6611	7397
6612	7363
6613	7316
6614	6356
6615	6294
6616	6301
6617	6290
6618	6292
6619	6250
6620	6242
6621	6325
6622	6331
6623	6326
6624	6302
6625	6277
6626	3667
6627	3682
6628	3724
6629	6429
6630	6413
6631	6433
6632	6436
6633	6435
6634	6510
6635	6586
6636	6691
6637	6696
6638	6634
6639	6638
6640	6650
6641	6683
6642	6692
6643	6690
6644	6678
6645	6671
6646	6658
6647	6678
6648	6674
6649	6690
6650	6647
6651	6617
6652	6669
6653	6639
6654	6629
6655	6607
6656	6511
6657	6450
6658	6427
6659	6430
6660	6422
6661	6453
6662	6457
6663	6456
6664	6471
6665	6465
6666	1757
6667	1767
6668	1775
6669	7920
6670	7922
6671	7976
6672	7997
6673	7979
6674	7987
6675	7989
6676	7997
6677	7991
6678	7999
6679	7999
6680	7990
6681	7997
6682	7989
6683	7996
6684	8000
6685	8000
6686	7981
6687	7995
6688	7990
6689	7998
6690	7993
6691	7994
6692	7939
6693	7901
6694	7912
6695	7927
6696	7931
6697	7958
6698	7976
6699	7999
6700	7997
6701	7933
6702	7931
6703	7937
6704	7939
6705	7968
6706	7910
6707	7918
6708	7930
6709	7930
6710	7939
6711	7946
6712	7931
6713	7989
6714	7974
6715	7991
6716	7929
6717	7856
6718	7891
6719	7884
6720	7896
6721	7981
6722	7933
6723	7733
6724	7674
6725	7711
6726	7712
6727	7713
6728	7792
6729	7844
6730	7731
6731	7692
6732	7683
6733	7682
6734	7675
6735	7745
6736	7741
6737	7686
6738	7696
6739	7649
6740	7675
6741	7639
6742	7638
6743	7594
6744	7568
6745	7567
6746	7463
6747	7413
6748	7408
6749	7441
6750	7436
6751	7422
6752	7412
6753	7322
6754	7309
6755	7286
6756	7177
6757	7202
6758	7185
6759	7191
6760	7122
6761	6908
6762	6921
6763	6931
6764	6938
6765	6919
6766	6894
6767	6798
6768	6808
6769	6819
6770	6817
6771	6842
6772	6674
6773	6646
6774	6635
6775	6623
6776	6582
6777	6573
6778	6469
6779	6257
6780	6189
6781	6163
6782	5093
6783	4162
6784	3541
6785	3541
6786	3549
6787	3578
6788	4703
6789	4743
6790	4521
6791	4522
6792	5430
6793	5470
6794	4706
6795	5488
6796	5508
6797	5508
6798	5492
6799	5513
6800	5673
6801	5676
6802	5632
6803	5637
6804	5651
6805	5655
6806	7999
6807	8000
6808	7979
6809	7974
6810	7985
6811	7997
6812	7998
6813	7994
6814	7999
6815	7995
6816	7986
6817	7993
6818	7974
6819	7974
6820	7988
6821	8000
6822	8000
6823	7993
6824	7979
6825	7970
6826	7974
6827	7974
6828	7986
6829	7982
6830	7972
6831	7947
6832	7797
6833	7907
6834	7945
6835	7943
6836	7934
6837	7729
6838	7921
6839	7948
6840	7950
6841	7969
6842	7930
6843	7970
6844	7958
6845	7977
6846	7989
6847	7860
6848	7839
6849	7828
6850	7868
6851	7973
6852	7939
6853	7958
6854	7936
6855	7895
6856	7982
6857	7983
6858	7969
6859	7920
6860	7731
6861	7737
6862	7827
6863	7816
6864	7781
6865	7773
6866	7752
6867	7812
6868	7790
6869	7995
6870	7978
6871	7910
6872	7982
6873	7928
6874	7983
6875	7967
6876	7939
6877	7963
6878	7811
6879	7814
6880	7755
6881	7705
6882	7726
6883	7669
6884	7691
6885	7674
6886	7622
6887	7628
6888	7688
6889	7714
6890	7692
6891	7681
6892	7669
6893	7641
6894	7516
6895	7508
6896	7511
6897	7580
6898	7532
6899	7565
6900	7638
6901	7647
6902	7677
6903	7682
6904	7625
6905	7770
6906	7811
6907	7889
6908	7880
6909	7842
6910	7921
6911	7964
6912	7955
6913	7980
6914	7868
6915	7834
6916	7754
6917	7760
6918	7807
6919	7767
6920	7800
6921	7814
6922	7829
6923	7879
6924	7918
6925	7999
6926	7983
6927	7981
6928	7995
6929	7978
6930	7996
6931	7983
6932	7973
6933	7999
6934	7986
6935	7937
6936	7950
6937	7859
6938	7996
6939	7999
6940	7994
6941	7990
6942	7885
6943	7893
6944	7924
6945	7946
6946	7933
6947	7918
6948	7913
6949	7859
6950	7858
6951	7839
6952	7990
6953	7978
6954	7982
6955	7936
6956	7842
6957	7983
6958	7992
6959	7992
6960	7983
6961	7909
6962	7989
6963	7974
6964	7940
6965	7899
6966	7681
6967	7732
6968	7705
6969	7779
6970	7737
6971	7685
6972	7673
6973	7881
6974	7915
6975	7988
6976	7924
6977	7896
6978	7823
6979	7920
6980	7951
6981	7967
6982	7860
6983	7822
6984	7955
6985	7979
6986	7944
6987	7987
6988	7914
6989	7915
6990	7979
6991	7970
6992	7907
6993	7944
6994	7937
6995	7867
6996	7857
6997	7834
6998	7851
6999	7848
7000	7820
7001	7901
7002	7928
7003	7922
7004	7998
7005	7965
7006	7976
7007	7991
7008	7983
7009	7981
7010	7907
7011	7828
7012	7834
7013	7796
7014	7763
7015	7851
7016	7926
7017	7904
7018	7913
7019	7923
7020	7926
7021	7934
7022	7919
7023	7990
7024	7917
7025	7945
7026	7985
7027	7970
7028	7926
7029	7874
7030	7890
7031	7851
7032	7849
7033	7886
7034	7831
7035	7860
7036	7790
7037	7763
7038	7711
7039	7639
7040	7544
7041	7474
7042	7470
7043	7435
7044	7424
7045	7377
7046	7334
7047	7345
7048	7265
7049	7234
7050	7259
7051	7299
7052	7359
7053	7404
7054	7407
7055	7438
7056	7433
7057	7436
7058	7444
7059	7488
7060	7481
7061	7481
7062	7432
7063	7493
7064	7560
7065	7607
7066	7664
7067	7693
7068	7698
7069	7711
7070	7820
7071	7845
7072	7922
7073	7883
7074	7818
7075	7931
7076	7994
7077	7977
7078	7998
7079	7879
7080	7901
7081	7796
7082	7788
7083	7767
7084	7628
7085	7685
7086	7613
7087	7542
7088	7436
7089	7355
7090	7336
7091	7051
7092	7011
7093	7037
7094	7320
7095	7325
7096	7350
7097	7315
7098	7497
7099	7526
7100	7534
7101	7576
7102	7576
7103	7601
7104	7610
7105	7620
7106	7652
7107	7547
7108	7542
7109	7555
7110	7524
7111	7676
7112	7649
7113	7621
7114	7596
7115	7555
7116	7562
7117	7559
7118	7572
7119	7541
7120	7450
7121	7452
7122	7443
7123	7413
7124	7412
7125	7401
7126	7394
7127	7335
7128	7240
7129	7243
7130	7220
7131	7212
7132	7217
7133	7161
7134	7154
7135	7143
7136	7104
7137	7101
7138	6235
7139	6205
7140	6183
7141	3464
7142	2386
7143	2384
7144	2388
7145	2357
7146	1386
7147	4145
7148	5120
7149	5142
7150	5154
7151	4164
7152	4134
7153	4149
7154	4152
7155	4188
7156	4210
7157	5914
7158	6020
7159	6043
7160	6094
7161	6102
7162	6090
7163	6080
7164	6098
7165	6124
7166	6131
7167	6103
7168	6105
7169	6123
7170	6125
7171	6131
7172	6131
7173	6131
7174	6108
7175	6100
7176	5454
7177	5442
7178	5441
7179	5451
7180	5456
7181	5401
7182	5390
7183	5367
7184	5367
7185	5395
7186	5431
7187	5483
7188	5493
7189	5516
7190	6772
7191	6789
7192	6803
7193	6762
7194	6770
7195	6803
7196	6832
7197	6928
7198	7146
7199	7166
7200	7170
7201	7171
7202	7189
7203	7276
7204	7366
7205	7410
7206	7426
7207	7433
7208	7425
7209	7453
7210	7538
7211	7538
7212	7614
7213	7673
7214	7770
7215	7782
7216	7785
7217	7786
7218	7812
7219	7822
7220	7957
7221	7885
7222	7886
7223	7879
7224	7864
7225	7911
7226	7902
7227	7797
7228	7825
7229	7690
7230	7737
7231	7743
7232	7690
7233	7734
7234	7648
7235	7693
7236	7679
7237	7633
7238	7715
7239	7637
7240	7627
7241	7618
7242	7574
7243	7596
7244	7578
7245	7586
7246	7750
7247	7614
7248	7638
7249	7643
7250	7651
7251	7647
7252	7623
7253	7618
7254	7596
7255	7355
7256	7354
7257	7304
7258	7294
7259	7287
7260	7350
7261	6977
7262	6966
7263	6962
7264	6957
7265	6963
7266	7144
7267	7177
7268	7206
7269	7204
7270	7179
7271	7181
7272	7187
7273	7184
7274	7173
7275	7196
7276	7215
7277	7185
7278	7217
7279	7206
7280	7194
7281	7192
7282	7166
7283	7153
7284	3259
7285	3262
7286	1929
7287	5731
7288	5729
7289	5801
7290	7371
7291	7384
7292	7386
7293	7375
7294	7419
7295	7433
7296	7528
7297	7600
7298	7598
7299	7610
7300	7605
7301	7585
7302	7575
7303	7619
7304	7704
7305	7653
7306	7639
7307	7641
7308	7629
7309	7491
7310	7444
7311	7469
7312	7442
7313	7692
7314	7995
7315	7993
7316	7977
7317	7903
7318	7929
7319	7925
7320	7947
7321	7936
7322	7805
7323	7837
7324	7750
7325	7756
7326	7743
7327	7830
7328	7846
7329	7849
7330	7899
7331	7898
7332	7879
7333	7953
7334	7950
7335	7941
7336	7976
7337	7961
7338	7984
7339	7941
7340	7946
7341	7988
7342	7921
7343	7973
7344	7960
7345	7932
7346	7998
7347	7901
7348	7999
7349	7997
7350	7995
7351	7999
7352	7965
7353	7973
7354	7992
7355	7929
7356	7845
7357	7817
7358	7674
7359	7676
7360	7687
7361	7676
7362	7712
7363	7726
7364	7739
7365	7802
7366	7799
7367	7823
7368	7861
7369	7857
7370	7892
7371	7900
7372	7894
7373	7805
7374	7790
7375	7805
7376	7850
7377	7832
7378	7923
7379	7939
7380	7958
7381	7989
7382	7989
7383	7908
7384	7943
7385	7828
7386	7826
7387	7814
7388	7777
7389	7789
7390	7699
7391	7693
7392	7670
7393	7585
7394	7694
7395	7642
7396	7638
7397	7555
7398	7441
7399	7203
7400	7165
7401	7038
7402	7053
7403	6952
7404	6852
7405	6817
7406	6753
7407	6773
7408	6819
7409	7407
7410	2588
7411	2528
7412	2573
7413	5252
7414	5280
7415	5275
7416	2744
7417	3550
7418	3541
7419	2772
7420	2780
7421	2786
7422	2783
7423	2783
7424	4470
7425	4479
7426	2772
7427	5338
7428	5353
7429	5401
7430	5297
7431	5301
7432	5316
7433	5431
7434	5463
7435	5456
7436	5481
7437	5493
7438	5504
7439	5587
7440	5662
7441	5672
7442	5676
7443	5674
7444	5730
7445	7237
7446	7259
7447	7282
7448	7248
7449	7353
7450	7363
7451	7370
7452	7468
7453	7526
7454	7572
7455	7571
7456	7581
7457	7623
7458	7612
7459	7742
7460	7794
7461	7807
7462	7834
7463	7834
7464	7998
7465	7991
7466	7995
7467	7986
7468	7989
7469	7975
7470	7995
7471	7989
7472	8000
7473	7977
7474	7965
7475	7998
7476	7996
7477	7998
7478	7996
7479	7943
7480	7999
7481	7960
7482	7999
7483	7997
7484	7964
7485	7999
7486	7997
7487	7999
7488	7971
7489	7921
7490	7999
7491	7991
7492	8000
7493	8001
7494	7982
7495	7990
7496	7972
7497	7972
7498	7977
7499	7934
7500	7913
7501	7847
7502	7859
7503	7807
7504	7849
7505	7937
7506	7936
7507	7913
7508	7911
7509	7974
7510	7991
7511	7972
7512	7924
7513	7885
7514	7895
7515	7931
7516	7957
7517	7969
7518	7920
7519	7908
7520	7904
7521	7956
7522	7977
7523	7955
7524	7994
7525	7990
7526	7952
7527	7959
7528	7972
7529	7987
7530	7951
7531	7977
7532	7975
7533	7943
7534	7897
7535	7958
7536	7983
7537	7944
7538	7989
7539	7993
7540	7988
7541	7691
7542	7636
7543	7614
7544	7562
7545	7987
7546	7992
7547	7977
7548	7984
7549	7876
7550	7994
7551	7999
7552	7970
7553	7981
7554	7941
7555	7936
7556	7959
7557	7897
7558	7912
7559	7808
7560	7836
7561	7872
7562	7890
7563	7918
7564	7868
7565	7993
7566	7974
7567	7980
7568	7994
7569	7953
7570	7958
7571	7917
7572	7922
7573	7919
7574	7829
7575	7881
7576	7776
7577	7786
7578	7759
7579	7651
7580	7898
7581	7916
7582	7918
7583	7997
7584	7959
7585	7983
7586	7969
7587	7956
7588	7957
7589	7715
7590	7676
7591	7676
7592	7605
7593	7604
7594	7530
7595	7512
7596	7498
7597	7493
7598	7490
7599	7490
7600	7479
7601	7462
7602	7499
7603	7495
7604	6957
7605	6961
7606	6961
7607	6609
7608	6604
7609	6585
7610	6595
7611	6585
7612	6583
7613	6595
7614	6686
7615	6700
7616	6705
7617	6735
7618	6715
7619	7644
7620	7998
7621	7991
7622	7997
7623	7991
7624	7995
7625	7980
7626	7985
7627	7999
7628	7995
7629	7991
7630	7998
7631	7993
7632	7989
7633	7985
7634	7977
7635	7996
7636	7998
7637	7979
7638	7968
7639	7967
7640	7918
7641	7954
7642	7989
7643	7968
7644	7939
7645	7906
7646	7925
7647	7957
7648	7831
7649	7800
7650	7630
7651	7543
7652	7494
7653	7505
7654	7452
7655	7587
7656	7556
7657	7515
7658	7569
7659	7523
7660	7514
7661	7484
7662	7466
7663	7481
7664	7366
7665	7356
7666	7391
7667	7342
7668	7451
7669	7463
7670	7574
7671	7566
7672	7525
7673	7706
7674	7720
7675	7670
7676	7676
7677	7517
7678	7595
7679	7808
7680	7807
7681	7873
7682	7751
7683	7667
7684	7704
7685	7699
7686	7824
7687	7790
7688	7755
7689	7899
7690	7936
7691	7910
7692	7914
7693	7990
7694	7995
7695	7933
7696	7920
7697	7898
7698	7892
7699	7863
7700	7963
7701	7987
7702	7913
7703	7987
7704	7981
7705	7989
7706	7973
7707	7985
7708	7969
7709	7861
7710	7829
7711	7793
7712	7727
7713	7848
7714	7888
7715	7926
7716	7943
7717	7889
7718	7994
7719	7992
7720	7991
7721	7928
7722	7890
7723	7921
7724	7998
7725	7983
7726	7987
7727	7939
7728	7953
7729	7986
7730	7995
7731	7973
7732	7990
7733	7957
7734	7987
7735	7997
7736	7968
7737	7874
7738	7877
7739	7895
7740	7994
7741	7945
7742	7963
7743	7979
7744	7922
7745	7947
7746	7941
7747	7998
7748	7970
7749	7960
7750	7920
7751	7994
7752	7996
7753	7984
7754	7999
7755	7973
7756	7967
7757	7941
7758	7963
7759	7948
7760	7932
7761	7978
7762	7967
7763	7980
7764	7993
7765	7979
7766	7987
7767	7968
7768	7989
7769	7967
7770	7959
7771	7954
7772	7850
7773	7986
7774	7927
7775	7961
7776	7997
7777	7985
7778	7999
7779	7969
7780	7949
7781	7960
7782	7827
7783	7808
7784	7790
7785	7813
7786	7825
7787	7875
7788	7820
7789	7766
7790	7787
7791	7796
7792	7805
7793	7803
7794	7779
7795	7860
7796	7800
7797	7822
7798	7891
7799	7867
7800	7965
7801	7947
7802	7985
7803	7994
7804	7975
7805	7997
7806	7982
7807	7974
7808	7983
7809	7939
7810	7980
7811	7948
7812	7987
7813	7950
7814	7934
7815	7969
7816	7929
7817	7894
7818	7886
7819	7882
7820	7760
7821	7869
7822	7912
7823	7939
7824	7977
7825	7959
7826	7992
7827	7993
7828	7975
7829	7996
7830	7939
7831	7875
7832	7779
7833	7730
7834	7798
7835	7890
7836	7894
7837	7935
7838	7917
7839	7976
7840	7976
7841	7957
7842	7930
7843	7880
7844	7987
7845	7993
7846	7945
7847	7916
7848	7804
7849	7936
7850	7863
7851	7927
7852	7924
7853	7905
7854	7934
7855	7959
7856	7983
7857	7928
7858	7821
7859	7992
7860	7912
7861	7960
7862	7954
7863	7989
7864	7995
7865	7922
7866	7936
7867	7976
7868	7773
7869	7995
7870	7896
7871	7906
7872	7904
7873	7840
7874	7887
7875	7995
7876	7987
7877	7999
7878	7956
7879	7910
7880	7989
7881	7993
7882	7994
7883	7987
7884	7957
7885	7983
7886	7953
7887	7989
7888	7997
7889	7990
7890	7907
7891	7886
7892	7910
7893	7873
7894	7992
7895	7982
7896	7968
7897	7969
7898	7929
7899	7994
7900	7998
7901	7986
7902	7991
7903	7864
7904	7848
7905	7994
7906	7861
7907	7958
7908	7950
7909	7952
7910	7997
7911	7981
7912	7982
7913	7995
7914	7947
7915	7977
7916	7971
7917	7895
7918	7943
7919	7921
7920	7923
7921	7753
7922	7730
7923	7583
7924	7588
7925	7599
7926	7670
7927	7758
7928	7781
7929	7740
7930	7680
7931	7669
7932	7897
7933	7917
7934	7928
7935	7874
7936	7859
7937	7885
7938	7902
7939	7904
7940	7853
7941	7796
7942	7938
7943	7901
7944	7978
7945	7990
7946	7983
7947	7995
7948	7921
7949	7986
7950	7889
7951	7892
7952	7929
7953	7864
7954	7900
7955	7990
7956	7984
7957	7982
7958	7969
7959	7964
7960	7994
7961	7959
7962	7986
7963	7963
7964	7884
7965	7848
7966	7869
7967	7998
7968	7988
7969	7906
7970	7890
7971	7961
7972	7983
7973	7995
7974	7989
7975	7932
7976	7911
7977	7844
7978	7890
7979	7983
7980	7954
7981	7972
7982	7962
7983	7954
7984	7989
7985	7981
7986	7968
7987	7973
7988	7942
7989	7968
7990	7970
7991	7914
7992	7937
7993	7888
7994	7892
7995	7903
7996	7824
7997	7996
7998	7937
7999	7980
8000	7996
8001	7950
8002	7971
8003	7975
8004	7997
8005	7991
8006	7903
8007	7913
8008	7893
8009	7954
8010	7947
8011	7933
8012	7931
8013	7924
8014	7904
8015	7910
8016	7910
8017	7990
8018	7982
8019	7999
8020	7947
8021	7972
8022	7999
8023	7998
8024	7903
8025	7910
8026	7876
8027	7952
8028	7981
8029	7982
8030	7984
8031	7977
8032	7965
8033	7988
8034	7990
8035	7995
8036	7949
8037	7952
8038	7966
8039	7934
8040	7975
8041	7953
8042	7964
8043	7990
8044	7967
8045	7904
8046	7937
8047	7892
8048	7975
8049	7971
8050	7838
8051	7860
8052	7879
8053	7960
8054	7990
8055	7962
8056	7982
8057	7932
8058	7913
8059	7863
8060	7875
8061	7899
8062	7882
8063	7840
8064	7796
8065	7718
8066	7781
8067	7758
8068	7844
8069	7894
8070	7869
8071	7887
8072	7821
8073	7799
8074	7740
8075	7680
8076	7664
8077	7653
8078	7602
8079	7393
8080	7383
8081	7406
8082	7219
8083	7214
8084	6739
8085	6641
8086	6653
8087	6800
8088	7515
8089	7513
8090	7512
8091	7471
8092	7502
8093	7724
8094	7801
8095	7773
8096	7830
8097	7812
8098	7853
8099	7838
8100	7839
8101	7843
8102	7986
8103	8000
8104	7990
8105	7978
8106	7935
8107	7991
8108	7999
8109	7993
8110	7903
8111	7867
8112	7943
8113	7900
8114	7903
8115	7954
8116	7955
8117	7969
8118	7957
8119	7951
8120	7761
8121	7678
8122	7684
8123	7713
8124	7744
8125	7698
8126	7651
8127	7674
8128	7670
8129	7665
8130	7664
8131	7636
8132	7663
8133	7653
8134	7661
8135	7657
8136	7611
8137	7614
8138	7598
8139	7598
8140	7610
8141	7580
8142	7166
8143	6902
8144	6956
8145	6972
8146	7180
8147	7206
8148	7309
8149	7360
8150	7388
8151	7393
8152	7371
8153	7448
8154	7435
8155	7551
8156	7552
8157	7558
8158	7997
8159	7984
8160	7994
8161	7990
8162	7981
8163	7993
8164	7964
8165	7966
8166	7971
8167	7978
8168	7996
8169	7992
8170	7961
8171	7977
8172	7980
8173	7960
8174	7819
8175	7835
8176	7867
8177	7950
8178	7961
8179	7930
8180	7933
8181	7989
8182	7992
8183	7962
8184	7999
8185	7947
8186	7949
8187	7944
8188	7945
8189	7993
8190	7957
8191	7998
8192	7969
8193	7934
8194	7987
8195	7970
8196	7977
8197	7988
8198	7981
8199	7999
8200	7968
8201	7980
8202	7941
8203	7970
8204	7996
8205	7978
8206	7915
8207	7908
8208	7971
8209	7981
8210	7991
8211	7977
8212	7980
8213	7964
8214	7985
8215	7999
8216	7997
8217	7854
8218	7783
8219	7902
8220	7890
8221	7929
8222	7873
8223	7870
8224	7871
8225	7877
8226	7935
8227	7956
8228	7956
8229	7967
8230	7926
8231	7921
8232	7906
8233	7896
8234	7904
8235	7899
8236	7890
8237	7972
8238	7962
8239	7982
8240	7951
8241	7930
8242	7983
8243	7925
8244	7933
8245	7985
8246	7992
8247	7981
8248	7876
8249	7816
8250	7884
8251	7982
8252	7981
8253	7965
8254	7941
8255	7922
8256	7948
8257	7957
8258	7948
8259	7935
8260	7735
8261	7845
8262	7838
8263	7898
8264	7988
8265	7953
8266	7934
8267	7944
8268	7930
8269	7984
8270	7925
8271	7986
8272	7924
8273	7881
8274	7849
8275	7782
8276	7819
8277	7760
8278	7819
8279	7894
8280	7819
8281	7955
8282	7959
8283	7986
8284	7966
8285	7957
8286	7968
8287	7983
8288	7909
8289	7970
8290	7925
8291	7873
8292	7847
8293	7800
8294	7724
8295	7782
8296	7839
8297	7900
8298	7807
8299	7857
8300	7858
8301	7875
8302	7871
8303	7844
8304	7836
8305	7904
8306	7850
8307	7857
8308	7869
8309	7891
8310	7893
8311	7917
8312	7911
8313	7807
8314	7727
8315	7704
8316	7765
8317	7758
8318	7775
8319	7807
8320	7872
8321	7877
8322	7859
8323	7808
8324	7763
8325	7824
8326	7803
8327	7883
8328	7883
8329	7865
8330	7917
8331	7916
8332	7873
8333	7866
8334	7933
8335	7997
8336	7886
8337	7951
8338	7748
8339	7904
8340	7910
8341	7893
8342	7891
8343	7736
8344	7894
8345	7768
8346	7799
8347	7774
8348	7690
8349	7736
8350	7738
8351	7763
8352	7733
8353	7639
8354	7745
8355	7914
8356	7994
8357	8000
8358	7918
8359	7973
8360	7974
8361	7955
8362	7936
8363	7870
8364	7975
8365	7856
8366	7767
8367	7758
8368	7725
8369	7714
8370	7728
8371	7638
8372	7666
8373	7689
8374	7783
8375	7804
8376	7783
8377	7765
8378	7788
8379	7992
8380	7992
8381	7966
8382	7969
8383	7976
8384	7994
8385	7984
8386	7994
8387	7976
8388	7934
8389	7993
8390	7990
8391	7592
8392	7559
8393	7447
8394	7441
8395	7800
8396	7956
8397	7885
8398	7881
8399	7887
8400	7899
8401	7917
8402	7986
8403	7948
8404	7955
8405	7949
8406	7960
8407	7962
8408	7955
8409	7942
8410	7992
8411	7993
8412	7992
8413	7990
8414	7983
8415	7991
8416	7997
8417	7996
8418	7999
8419	7983
8420	7986
8421	7982
8422	7988
8423	7976
8424	7991
8425	7983
8426	7975
8427	7941
8428	7763
8429	7753
8430	7772
8431	7851
8432	7845
8433	7871
8434	7913
8435	7953
8436	7974
8437	7961
8438	7950
8439	7997
8440	7968
8441	7997
8442	7958
8443	7964
8444	7964
8445	7991
8446	7976
8447	7977
8448	7939
8449	7966
8450	7973
8451	7993
8452	7978
8453	7977
8454	7870
8455	7967
8456	7987
8457	7993
8458	7939
8459	7941
8460	7391
8461	7400
8462	7402
8463	7461
8464	7455
8465	7941
8466	7998
8467	7997
8468	7963
8469	7976
8470	7900
8471	7924
8472	7952
8473	7964
8474	7996
8475	7984
8476	7996
8477	7963
8478	7973
8479	7986
8480	7987
8481	7923
8482	7993
8483	7989
8484	7995
8485	7961
8486	7898
8487	7988
8488	7805
8489	7989
8490	7976
8491	7964
8492	7980
8493	7922
8494	7986
8495	7979
8496	7966
8497	7851
8498	7849
8499	7986
8500	7990
8501	7952
8502	7947
8503	7934
8504	7963
8505	7990
8506	7997
8507	7993
8508	7919
8509	7983
8510	7975
8511	7942
8512	7987
8513	7987
8514	7997
8515	7994
8516	7980
8517	7963
8518	7887
8519	7974
8520	7945
8521	7968
8522	7951
8523	7937
8524	7984
8525	7971
8526	7964
8527	7981
8528	7942
8529	7762
8530	7771
8531	7814
8532	7725
8533	7734
8534	7781
8535	7815
8536	7834
8537	7893
8538	7895
8539	7920
8540	7877
8541	7946
8542	7971
8543	7963
8544	7955
8545	7960
8546	7936
8547	7889
8548	7922
8549	7983
8550	7923
8551	7955
8552	7966
8553	7984
8554	7971
8555	7905
8556	7945
8557	7948
8558	7921
8559	7919
8560	7864
8561	7861
8562	7818
8563	7852
8564	7878
8565	7832
8566	7887
8567	7810
8568	7844
8569	7854
8570	7823
8571	7814
8572	7857
8573	7840
8574	7934
8575	7933
8576	7944
8577	7812
8578	7815
8579	7827
8580	7835
8581	7848
8582	7973
8583	7908
8584	7910
8585	7829
8586	7824
8587	7875
8588	7876
8589	7974
8590	7878
8591	7944
8592	7939
8593	7993
8594	7980
8595	7869
8596	7821
8597	7759
8598	7634
8599	7677
8600	7739
8601	7782
8602	7755
8603	7726
8604	7890
8605	7925
8606	7913
8607	7884
8608	7859
8609	7853
8610	7804
8611	7829
8612	7868
8613	7837
8614	7780
8615	7717
8616	7708
8617	7769
8618	7756
8619	7974
8620	7976
8621	7976
8622	7917
8623	7911
8624	7863
8625	7884
8626	7828
8627	7998
8628	7900
8629	7862
8630	7790
8631	7703
8632	7783
8633	7753
8634	7714
8635	7729
8636	7733
8637	7700
8638	7684
8639	7676
8640	7709
8641	7651
8642	7582
8643	7763
8644	7765
8645	7859
8646	7877
8647	7871
8648	7973
8649	7932
8650	7987
8651	7974
8652	7809
8653	7868
8654	7873
8655	7931
8656	7978
8657	7956
8658	7997
8659	7990
8660	7999
8661	7964
8662	7946
8663	7989
8664	7984
8665	7948
8666	7998
8667	7962
8668	7946
8669	7951
8670	7934
8671	7995
8672	7984
8673	7992
8674	7978
8675	7962
8676	7920
8677	7977
8678	7994
8679	7996
8680	7957
8681	7964
8682	7943
8683	7961
8684	7966
8685	7980
8686	7848
8687	7713
8688	7714
8689	7746
8690	7795
8691	7828
8692	7884
8693	7879
8694	7906
8695	7934
8696	7962
8697	7977
8698	7986
8699	7982
8700	7945
8701	7959
8702	7980
8703	7996
8704	7965
8705	7972
8706	7854
8707	7936
8708	7968
8709	7975
8710	7894
8711	7831
8712	7859
8713	7888
8714	7838
8715	7896
8716	7808
8717	7809
8718	7956
8719	7983
8720	7943
8721	7981
8722	7924
8723	7974
8724	7978
8725	7902
8726	7894
8727	7794
8728	7873
8729	7842
8730	7887
8731	7940
8732	7945
8733	7881
8734	7949
8735	7974
8736	7976
8737	7993
8738	7865
8739	7972
8740	7890
8741	7876
8742	7928
8743	7963
8744	7996
8745	7948
8746	7949
8747	7991
8748	7981
8749	7981
8750	7928
8751	7868
8752	7951
8753	7946
8754	7967
8755	7970
8756	7957
8757	7960
8758	7966
8759	7993
8760	7953
8761	7991
8762	7940
8763	7859
8764	7843
8765	7847
8766	7922
8767	7926
8768	7930
8769	7871
8770	7730
8771	7774
8772	7905
8773	7929
8774	7899
8775	7864
8776	7913
8777	7950
8778	7968
8779	7990
8780	7950
8781	7870
8782	7930
8783	7905
8784	7853
8785	7837
8786	7986
8787	7997
8788	7985
8789	7994
8790	7962
8791	7905
8792	7944
8793	7969
8794	7991
8795	7996
8796	7985
8797	7978
8798	7878
8799	7839
8800	7876
8801	7870
8802	7833
8803	7831
8804	7821
8805	7897
8806	7886
8807	7841
8808	7840
8809	7818
8810	7831
8811	7915
8812	7913
8813	7985
8814	7990
8815	7990
8816	7983
8817	7962
8818	7464
8819	7470
8820	7492
8821	7450
8822	7525
8823	7529
8824	7508
8825	7432
8826	7433
8827	7439
8828	7436
8829	7821
8830	7836
8831	7854
8832	7860
8833	7840
8834	7926
8835	7992
8836	7991
8837	7964
8838	7947
8839	7988
8840	7940
8841	7929
8842	7984
8843	7938
8844	7855
8845	7834
8846	7854
8847	7921
8848	7968
8849	7882
8850	7950
8851	7924
8852	7982
8853	7992
8854	7998
8855	7979
8856	7964
8857	7967
8858	7986
8859	7997
8860	7987
8861	7954
8862	7979
8863	7988
8864	7994
8865	7984
8866	7996
8867	7992
8868	7969
8869	7904
8870	7863
8871	7836
8872	7862
8873	7899
8874	7672
8875	7743
8876	7867
8877	7896
8878	7889
8879	7892
8880	7545
8881	7515
8882	7840
8883	7865
8884	7874
8885	7814
8886	7797
8887	7138
8888	7202
8889	7217
8890	7260
8891	7257
8892	7186
8893	7257
8894	7359
8895	7396
8896	7461
8897	7435
8898	7498
8899	7463
8900	7464
8901	7450
8902	7439
8903	7560
8904	7633
8905	7605
8906	7610
8907	7757
8908	7840
8909	7726
8910	7744
8911	7776
8912	7786
8913	7981
8914	7983
8915	7949
8916	7962
8917	7924
8918	7999
8919	7991
8920	7998
8921	7950
8922	7945
8923	7993
8924	7991
8925	7978
8926	7996
8927	7899
8928	7887
8929	7876
8930	7896
8931	7995
8932	7906
8933	7927
8934	7961
8935	7967
8936	7942
8937	7960
8938	7970
8939	7009
8940	6515
8941	6532
8942	6535
8943	6506
8944	6607
8945	7634
8946	7688
8947	7746
8948	7807
8949	7887
8950	7886
8951	7902
8952	7886
8953	7851
8954	7823
8955	7859
8956	7999
8957	7862
8958	7861
8959	7861
8960	7860
8961	7960
8962	7952
8963	7879
8964	7852
8965	7810
8966	7968
8967	7998
8968	7929
8969	7941
8970	7934
8971	7953
8972	7989
8973	7972
8974	7971
8975	7912
8976	7907
8977	7931
8978	7992
8979	7994
8980	7964
8981	7935
8982	7952
8983	7920
8984	7901
8985	7972
8986	7979
8987	7982
8988	7980
8989	7981
8990	7927
8991	7875
8992	7891
8993	7778
8994	7788
8995	7781
8996	7819
8997	7784
8998	7755
8999	7758
9000	7776
9001	7769
9002	7724
9003	7759
9004	7943
9005	7966
9006	7974
9007	7982
9008	7990
9009	7990
9010	7989
9011	7982
9012	7937
9013	7879
9014	7774
9015	7794
9016	7833
9017	7794
9018	7806
9019	7961
9020	7945
9021	7953
9022	7975
9023	7974
9024	7972
9025	7949
9026	7972
9027	7988
9028	7954
9029	7857
9030	7843
9031	7865
9032	7877
9033	7930
9034	7975
9035	7938
9036	7974
9037	7987
9038	7986
9039	7981
9040	7968
9041	7966
9042	7912
9043	7907
9044	7865
9045	7825
9046	7994
9047	7966
9048	7996
9049	7996
9050	7990
9051	7987
9052	7991
9053	7979
9054	7975
9055	7819
9056	7672
9057	7678
9058	7660
9059	7659
9060	7708
9061	7674
9062	7662
9063	7705
9064	7737
9065	7791
9066	7811
9067	7823
9068	7854
9069	7896
9070	7895
9071	7922
9072	7899
9073	7937
9074	7953
9075	7930
9076	7925
9077	7939
9078	7945
9079	7988
9080	7995
9081	7990
9082	7978
9083	7992
9084	7982
9085	7945
9086	7992
9087	7988
9088	8000
9089	7991
9090	7965
9091	7976
9092	7957
9093	7992
9094	7948
9095	7971
9096	7973
9097	7981
9098	7991
9099	7987
9100	7841
9101	7688
9102	7755
9103	7726
9104	7904
9105	7885
9106	7900
9107	7906
9108	7881
9109	7866
9110	7882
9111	7977
9112	7987
9113	7984
9114	7937
9115	7987
9116	7947
9117	7970
9118	7987
9119	7984
9120	7979
9121	7966
9122	7978
9123	7968
9124	7889
9125	7883
9126	7827
9127	7800
9128	7800
9129	7781
9130	7737
9131	7581
9132	7709
9133	7709
9134	7718
9135	7734
9136	7755
9137	7740
9138	7749
9139	7739
9140	7830
9141	7805
9142	7606
9143	7607
9144	7584
9145	7572
9146	7551
9147	7507
9148	7531
9149	7389
9150	7395
9151	7487
9152	7513
9153	7423
9154	7374
9155	7386
9156	7287
9157	7271
9158	7406
9159	7383
9160	7305
9161	7269
9162	7226
9163	7291
9164	7256
9165	7231
9166	7262
9167	7176
9168	7195
9169	7184
9170	7185
9171	7225
9172	7274
9173	7315
9174	7365
9175	7395
9176	7454
9177	7456
9178	7456
9179	7500
9180	7468
9181	7456
9182	7426
9183	7341
9184	7332
9185	7432
9186	7415
9187	7420
9188	7362
9189	7324
9190	7381
9191	7405
9192	7416
9193	7168
9194	7142
9195	7075
9196	7113
9197	7226
9198	7175
9199	7025
9200	6989
9201	6976
9202	7113
9203	7112
9204	7084
9205	6974
9206	6847
9207	6873
9208	6900
9209	6973
9210	6964
9211	6943
9212	6976
9213	7026
9214	7031
9215	7036
9216	7004
9217	6920
9218	6851
9219	6969
9220	6996
9221	7023
9222	7061
9223	7063
9224	7067
9225	7040
9226	7046
9227	7111
9228	7012
9229	6908
9230	6877
9231	6884
9232	6897
9233	6924
9234	6913
9235	6849
9236	6779
9237	6779
9238	6822
9239	6877
9240	6836
9241	6819
9242	6803
9243	6802
9244	6809
9245	6822
9246	6831
9247	6854
9248	6809
9249	6790
9250	6111
9251	6178
9252	5867
9253	5862
9254	5901
9255	6115
9256	6127
9257	6195
9258	6142
9259	6139
9260	6093
9261	6102
9262	5784
9263	5805
9264	5831
9265	6168
9266	6205
9267	6242
9268	6255
9269	6262
9270	6205
9271	6196
9272	6182
9273	6070
9274	6091
9275	6003
9276	6016
9277	6022
9278	6023
9279	6029
9280	5998
9281	5858
9282	5850
9283	5811
9284	5810
9285	5789
9286	5791
9287	5796
9288	5770
9289	5759
9290	5759
9291	5765
9292	5780
9293	5745
9294	5775
9295	5745
9296	5693
9297	5652
9298	5652
9299	5600
9300	5598
9301	5657
9302	5654
9303	5603
9304	5565
9305	5471
9306	5480
9307	5498
9308	5492
9309	5495
9310	5454
9311	5494
9312	5480
9313	5499
9314	5493
9315	5487
9316	5474
9317	5489
9318	5470
9319	5445
9320	5468
9321	5528
9322	5525
9323	6323
9324	6284
9325	6392
9326	6443
9327	6549
9328	6559
9329	6577
9330	6515
9331	6607
9332	6640
9333	6640
9334	6714
9335	6666
9336	6691
9337	6697
9338	6710
9339	6696
9340	6730
9341	6779
9342	6797
9343	6782
9344	6782
9345	6796
9346	6799
9347	6797
9348	6821
9349	6836
9350	6846
9351	6838
9352	6840
9353	6798
9354	6823
9355	6786
9356	6834
9357	6846
9358	6667
9359	6686
9360	6725
9361	6849
9362	6860
9363	6852
9364	6937
9365	7023
9366	7040
9367	7061
9368	7034
9369	7090
9370	7125
9371	7125
9372	7123
9373	7086
9374	7056
9375	7072
9376	7055
9377	7034
9378	7001
9379	7000
9380	7031
9381	7030
9382	6970
9383	6968
9384	6955
9385	6951
9386	6936
9387	6917
9388	6837
9389	6782
9390	6782
9391	6768
9392	6765
9393	6764
9394	6742
9395	6725
9396	6686
9397	6675
9398	6654
9399	6633
9400	6601
9401	6541
9402	6508
9403	6472
9404	6459
9405	6443
9406	6389
9407	6380
9408	6315
9409	6176
9410	6086
9411	5975
9412	5819
9413	5818
9414	5444
9415	5426
9416	5425
9417	5406
9418	5394
9419	5341
9420	5303
9421	5250
9422	5233
9423	5178
9424	5161
9425	5063
9426	4959
9427	4940
9428	4938
9429	4932
9430	4929
9431	4917
9432	4904
9433	4677
9434	4669
9435	4661
9436	4622
9437	4610
9438	4563
9439	4535
9440	4509
9441	4509
9442	4486
9443	4471
9444	4466
9445	4445
9446	4379
9447	4351
9448	4350
9449	4349
9450	4346
9451	4345
9452	4327
9453	4308
9454	4272
9455	4272
9456	4272
9457	4260
9458	4253
9459	4202
9460	4180
9461	4167
9462	4150
9463	4103
9464	3975
9465	3971
9466	3954
9467	3952
9468	3935
9469	3916
9470	3881
9471	3842
9472	3817
9473	3715
9474	3713
9475	3713
9476	3713
9477	3692
9478	3645
9479	3623
9480	3616
9481	3611
9482	3592
9483	3473
9484	3443
9485	3428
9486	3417
9487	3417
9488	3267
9489	3251
9490	3206
9491	3194
9492	3192
9493	3152
9494	3147
9495	3128
9496	3120
9497	3093
9498	3078
9499	3070
9500	3047
9501	3016
9502	3006
9503	2996
9504	2989
9505	2898
9506	2820
9507	2802
9508	2696
9509	2697
9510	2689
9511	2656
9512	2638
9513	2546
9514	2539
9515	2519
9516	2470
9517	2454
9518	2334
9519	2213
9520	2207
9521	2192
9522	2184
9523	2181
9524	2171
9525	1932
9526	2165
9527	2148
9528	2145
9529	2127
9530	2121
9531	2111
9532	2089
9533	2023
9534	2020
9535	2019
9536	2018
9537	1992
9538	1911
9539	1898
9540	1891
9541	1882
9542	1861
9543	1767
9544	1707
9545	1679
9546	1675
9547	1672
9548	1651
9549	1644
9550	1641
9551	1551
9552	1537
9553	1454
9554	1449
9555	1449
9556	1422
9557	1416
9558	1343
9559	1339
9560	1336
9561	1330
9562	1314
9563	1238
9564	1236
9565	1234
9566	1229
9567	1224
9568	1166
9569	1129
9570	1129
9571	1128
9572	1112
9573	1075
9574	1070
9575	1023
9576	993
9577	982
9578	972
9579	959
9580	950
9581	945
9582	945
9583	914
9584	898
9585	867
9586	858
9587	846
9588	834
9589	809
9590	773
9591	715
9592	698
9593	660
9594	619
9595	614
9596	556
9597	551
9598	533
9599	531
9600	501
9601	499
9602	496
9603	467
9604	459
9605	441
9606	438
9607	433
9608	410
9609	383
9610	278
9611	277
9612	277
9613	277
9614	277
9615	241
9616	236
9617	208
9618	207
9619	196
9620	114
9621	104
9622	104
9623	104
9624	104
9625	101
9626	63
9627	63
9628	56
9629	55
9630	15
9631	5
9632	3
9633	3
9634	3
9635	3
9636	3
9637	3
9638	3
9639	3
9640	1
9641	1
